{"v1": {"('0', '1600000000')": {"2": {"speedup": 1.1687873074751522, "eficiencia": 0.5843936537375761}, "3": {"speedup": 1.7522284609472414, "eficiencia": 0.5840761536490805}, "4": {"speedup": 2.33306232034641, "eficiencia": 0.5832655800866025}, "6": {"speedup": 3.3689930162857653, "eficiencia": 0.5614988360476275}, "8": {"speedup": 4.09163805436854, "eficiencia": 0.5114547567960674}, "12": {"speedup": 6.063918333483856, "eficiencia": 0.5053265277903213}}, "('0', '1800000000')": {"2": {"speedup": 1.1755708747549292, "eficiencia": 0.5877854373774646}, "3": {"speedup": 1.7598080326316794, "eficiencia": 0.5866026775438932}, "4": {"speedup": 2.3466002266625416, "eficiencia": 0.5866500566656354}, "6": {"speedup": 3.4108615514804064, "eficiencia": 0.5684769252467344}, "8": {"speedup": 4.109066292254664, "eficiencia": 0.513633286531833}, "12": {"speedup": 6.068316780279393, "eficiencia": 0.5056930650232828}}, "('0', '2000000000')": {"2": {"speedup": 1.2160531121094098, "eficiencia": 0.6080265560547049}, "3": {"speedup": 1.82272102096404, "eficiencia": 0.6075736736546801}, "4": {"speedup": 2.428404377357602, "eficiencia": 0.6071010943394005}, "6": {"speedup": 3.524991087637973, "eficiencia": 0.5874985146063288}, "8": {"speedup": 4.249166041327462, "eficiencia": 0.5311457551659328}, "12": {"speedup": 6.252239627995875, "eficiencia": 0.5210199689996563}}, "('0', '2200000000')": {"2": {"speedup": 1.1709785732121332, "eficiencia": 0.5854892866060666}, "3": {"speedup": 1.7468377327127091, "eficiencia": 0.5822792442375697}, "4": {"speedup": 2.340758355230342, "eficiencia": 0.5851895888075855}, "6": {"speedup": 3.399326268707227, "eficiencia": 0.5665543781178711}, "8": {"speedup": 4.104288480781708, "eficiencia": 0.5130360600977135}, "12": {"speedup": 6.015316927147062, "eficiencia": 0.5012764105955885}}, "('0', '2400000000')": {"2": {"speedup": 1.1722558597533548, "eficiencia": 0.5861279298766774}, "3": {"speedup": 1.747461249796548, "eficiencia": 0.582487083265516}, "4": {"speedup": 2.327643250712769, "eficiencia": 0.5819108126781922}, "6": {"speedup": 3.3133148100115983, "eficiencia": 0.5522191350019331}, "8": {"speedup": 4.044286638082898, "eficiencia": 0.5055358297603623}, "12": {"speedup": 6.048930448741908, "eficiencia": 0.504077537395159}}, "('0', '2600000000')": {"2": {"speedup": 1.1645150760763057, "eficiencia": 0.5822575380381528}, "3": {"speedup": 1.7580378563254067, "eficiencia": 0.5860126187751356}, "4": {"speedup": 2.3269964301995416, "eficiencia": 0.5817491075498854}, "6": {"speedup": 3.309875768600665, "eficiencia": 0.5516459614334441}, "8": {"speedup": 3.9522301760987806, "eficiencia": 0.4940287720123476}, "12": {"speedup": 6.040399356204268, "eficiencia": 0.5033666130170223}}, "('0', '2800000000')": {"2": {"speedup": 1.165676304054733, "eficiencia": 0.5828381520273666}, "3": {"speedup": 1.74789250639939, "eficiencia": 0.5826308354664633}, "4": {"speedup": 2.3295922876045427, "eficiencia": 0.5823980719011357}, "6": {"speedup": 3.3858398299161787, "eficiencia": 0.5643066383193631}, "8": {"speedup": 4.102792765363028, "eficiencia": 0.5128490956703785}, "12": {"speedup": 6.041678992757656, "eficiencia": 0.5034732493964713}}, "('0', '3000000000')": {"2": {"speedup": 1.1636287771342828, "eficiencia": 0.5818143885671414}, "3": {"speedup": 1.7442179479539999, "eficiencia": 0.5814059826513333}, "4": {"speedup": 2.3249890487411267, "eficiencia": 0.5812472621852817}, "6": {"speedup": 3.3788155385842535, "eficiencia": 0.5631359230973756}, "8": {"speedup": 4.057164665104247, "eficiencia": 0.5071455831380308}, "12": {"speedup": 6.002450209412089, "eficiencia": 0.5002041841176741}}, "('0', '3200000000')": {"2": {"speedup": 1.1679467343911785, "eficiencia": 0.5839733671955892}, "3": {"speedup": 1.8014416367467332, "eficiencia": 0.6004805455822444}, "4": {"speedup": 2.401627464447425, "eficiencia": 0.6004068661118562}, "6": {"speedup": 3.4682380194514777, "eficiencia": 0.5780396699085796}, "8": {"speedup": 4.223926065069364, "eficiencia": 0.5279907581336705}, "12": {"speedup": 6.120051630335208, "eficiencia": 0.510004302527934}}}, "v2": {"2": {"('0', '1600000000')": {"speedup": 1.1687873074751522, "eficiencia": 0.5843936537375761}, "('0', '1800000000')": {"speedup": 1.1755708747549292, "eficiencia": 0.5877854373774646}, "('0', '2000000000')": {"speedup": 1.2160531121094098, "eficiencia": 0.6080265560547049}, "('0', '2200000000')": {"speedup": 1.1709785732121332, "eficiencia": 0.5854892866060666}, "('0', '2400000000')": {"speedup": 1.1722558597533548, "eficiencia": 0.5861279298766774}, "('0', '2600000000')": {"speedup": 1.1645150760763057, "eficiencia": 0.5822575380381528}, "('0', '2800000000')": {"speedup": 1.165676304054733, "eficiencia": 0.5828381520273666}, "('0', '3000000000')": {"speedup": 1.1636287771342828, "eficiencia": 0.5818143885671414}, "('0', '3200000000')": {"speedup": 1.1679467343911785, "eficiencia": 0.5839733671955892}}, "3": {"('0', '1600000000')": {"speedup": 1.7522284609472414, "eficiencia": 0.5840761536490805}, "('0', '1800000000')": {"speedup": 1.7598080326316794, "eficiencia": 0.5866026775438932}, "('0', '2000000000')": {"speedup": 1.82272102096404, "eficiencia": 0.6075736736546801}, "('0', '2200000000')": {"speedup": 1.7468377327127091, "eficiencia": 0.5822792442375697}, "('0', '2400000000')": {"speedup": 1.747461249796548, "eficiencia": 0.582487083265516}, "('0', '2600000000')": {"speedup": 1.7580378563254067, "eficiencia": 0.5860126187751356}, "('0', '2800000000')": {"speedup": 1.74789250639939, "eficiencia": 0.5826308354664633}, "('0', '3000000000')": {"speedup": 1.7442179479539999, "eficiencia": 0.5814059826513333}, "('0', '3200000000')": {"speedup": 1.8014416367467332, "eficiencia": 0.6004805455822444}}, "4": {"('0', '1600000000')": {"speedup": 2.33306232034641, "eficiencia": 0.5832655800866025}, "('0', '1800000000')": {"speedup": 2.3466002266625416, "eficiencia": 0.5866500566656354}, "('0', '2000000000')": {"speedup": 2.428404377357602, "eficiencia": 0.6071010943394005}, "('0', '2200000000')": {"speedup": 2.340758355230342, "eficiencia": 0.5851895888075855}, "('0', '2400000000')": {"speedup": 2.327643250712769, "eficiencia": 0.5819108126781922}, "('0', '2600000000')": {"speedup": 2.3269964301995416, "eficiencia": 0.5817491075498854}, "('0', '2800000000')": {"speedup": 2.3295922876045427, "eficiencia": 0.5823980719011357}, "('0', '3000000000')": {"speedup": 2.3249890487411267, "eficiencia": 0.5812472621852817}, "('0', '3200000000')": {"speedup": 2.401627464447425, "eficiencia": 0.6004068661118562}}, "6": {"('0', '1600000000')": {"speedup": 3.3689930162857653, "eficiencia": 0.5614988360476275}, "('0', '1800000000')": {"speedup": 3.4108615514804064, "eficiencia": 0.5684769252467344}, "('0', '2000000000')": {"speedup": 3.524991087637973, "eficiencia": 0.5874985146063288}, "('0', '2200000000')": {"speedup": 3.399326268707227, "eficiencia": 0.5665543781178711}, "('0', '2400000000')": {"speedup": 3.3133148100115983, "eficiencia": 0.5522191350019331}, "('0', '2600000000')": {"speedup": 3.309875768600665, "eficiencia": 0.5516459614334441}, "('0', '2800000000')": {"speedup": 3.3858398299161787, "eficiencia": 0.5643066383193631}, "('0', '3000000000')": {"speedup": 3.3788155385842535, "eficiencia": 0.5631359230973756}, "('0', '3200000000')": {"speedup": 3.4682380194514777, "eficiencia": 0.5780396699085796}}, "8": {"('0', '1600000000')": {"speedup": 4.09163805436854, "eficiencia": 0.5114547567960674}, "('0', '1800000000')": {"speedup": 4.109066292254664, "eficiencia": 0.513633286531833}, "('0', '2000000000')": {"speedup": 4.249166041327462, "eficiencia": 0.5311457551659328}, "('0', '2200000000')": {"speedup": 4.104288480781708, "eficiencia": 0.5130360600977135}, "('0', '2400000000')": {"speedup": 4.044286638082898, "eficiencia": 0.5055358297603623}, "('0', '2600000000')": {"speedup": 3.9522301760987806, "eficiencia": 0.4940287720123476}, "('0', '2800000000')": {"speedup": 4.102792765363028, "eficiencia": 0.5128490956703785},