{"v1": {"('0', '1600000000')": {"2": {"speedup": 1.168258497907566, "eficiencia": 0.584129248953783}, "3": {"speedup": 1.7513296905948976, "eficiencia": 0.5837765635316325}, "4": {"speedup": 2.3330379818089884, "eficiencia": 0.5832594954522471}, "6": {"speedup": 3.382887397276596, "eficiencia": 0.5638145662127659}, "8": {"speedup": 4.089818616877229, "eficiencia": 0.5112273271096536}, "12": {"speedup": 6.063478733696045, "eficiencia": 0.5052898944746704}}, "('0', '1800000000')": {"2": {"speedup": 1.179486187532945, "eficiencia": 0.5897430937664725}, "3": {"speedup": 1.7662172026355465, "eficiencia": 0.5887390675451821}, "4": {"speedup": 2.3556832863572676, "eficiencia": 0.5889208215893169}, "6": {"speedup": 3.4215686408173753, "eficiencia": 0.5702614401362293}, "8": {"speedup": 4.126834908413183, "eficiencia": 0.5158543635516478}, "12": {"speedup": 6.1169178714409425, "eficiencia": 0.5097431559534119}}, "('0', '2000000000')": {"2": {"speedup": 1.178522719748816, "eficiencia": 0.589261359874408}, "3": {"speedup": 1.7670260325587863, "eficiencia": 0.5890086775195954}, "4": {"speedup": 2.35504716609108, "eficiencia": 0.58876179152277}, "6": {"speedup": 3.415664438544236, "eficiencia": 0.5692774064240393}, "8": {"speedup": 4.124365113655636, "eficiencia": 0.5155456392069545}, "12": {"speedup": 6.0908608548642444, "eficiencia": 0.5075717379053537}}, "('0', '2200000000')": {"2": {"speedup": 1.173272238312272, "eficiencia": 0.586636119156136}, "3": {"speedup": 1.7593117997233225, "eficiencia": 0.5864372665744408}, "4": {"speedup": 2.344170905173286, "eficiencia": 0.5860427262933215}, "6": {"speedup": 3.4015999770668284, "eficiencia": 0.5669333295111381}, "8": {"speedup": 4.110961658526241, "eficiencia": 0.5138702073157801}, "12": {"speedup": 6.0484945427329775, "eficiencia": 0.5040412118944148}}, "('0', '2400000000')": {"2": {"speedup": 1.175489698061352, "eficiencia": 0.587744849030676}, "3": {"speedup": 1.762721739295626, "eficiencia": 0.587573913098542}, "4": {"speedup": 2.3469604273501896, "eficiencia": 0.5867401068375474}, "6": {"speedup": 3.4100229713064905, "eficiencia": 0.5683371618844151}, "8": {"speedup": 4.11975976282753, "eficiencia": 0.5149699703534413}, "12": {"speedup": 6.087302097984104, "eficiencia": 0.5072751748320087}}, "('0', '2600000000')": {"2": {"speedup": 1.1718198898687118, "eficiencia": 0.5859099449343559}, "3": {"speedup": 1.7581487126438837, "eficiencia": 0.5860495708812946}, "4": {"speedup": 2.3417027586644474, "eficiencia": 0.5854256896661119}, "6": {"speedup": 3.4024293853327436, "eficiencia": 0.5670715642221239}, "8": {"speedup": 4.107137078142546, "eficiencia": 0.5133921347678182}, "12": {"speedup": 6.087833040764401, "eficiencia": 0.5073194200637}}, "('0', '2800000000')": {"2": {"speedup": 1.1633456720249207, "eficiencia": 0.5816728360124603}, "3": {"speedup": 1.7444191077212423, "eficiencia": 0.5814730359070808}, "4": {"speedup": 2.325405978724988, "eficiencia": 0.581351494681247}, "6": {"speedup": 3.3789795077058455, "eficiencia": 0.5631632512843076}, "8": {"speedup": 4.0937833446375675, "eficiencia": 0.5117229180796959}, "12": {"speedup": 6.038106406254655, "eficiencia": 0.5031755338545546}}, "('0', '3000000000')": {"2": {"speedup": 1.1598552310267836, "eficiencia": 0.5799276155133918}, "3": {"speedup": 1.7394074440772895, "eficiencia": 0.5798024813590965}, "4": {"speedup": 2.3187610434401975, "eficiencia": 0.5796902608600494}, "6": {"speedup": 3.366560080579218, "eficiencia": 0.561093346763203}, "8": {"speedup": 4.064957714476259, "eficiencia": 0.5081197143095324}, "12": {"speedup": 6.009471752086383, "eficiencia": 0.5007893126738653}}, "('0', '3200000000')": {"2": {"speedup": 1.1606995799003965, "eficiencia": 0.5803497899501983}, "3": {"speedup": 1.7397899385652424, "eficiencia": 0.5799299795217475}, "4": {"speedup": 2.3199517651094177, "eficiencia": 0.5799879412773544}, "6": {"speedup": 3.365194372670538, "eficiencia": 0.560865728778423}, "8": {"speedup": 4.073810828587887, "eficiencia": 0.5092263535734859}, "12": {"speedup": 6.020032003621257, "eficiencia": 0.5016693336351047}}}, "v2": {"2": {"('0', '1600000000')": {"speedup": 1.168258497907566, "eficiencia": 0.584129248953783}, "('0', '1800000000')": {"speedup": 1.179486187532945, "eficiencia": 0.5897430937664725}, "('0', '2000000000')": {"speedup": 1.178522719748816, "eficiencia": 0.589261359874408}, "('0', '2200000000')": {"speedup": 1.173272238312272, "eficiencia": 0.586636119156136}, "('0', '2400000000')": {"speedup": 1.175489698061352, "eficiencia": 0.587744849030676}, "('0', '2600000000')": {"speedup": 1.1718198898687118, "eficiencia": 0.5859099449343559}, "('0', '2800000000')": {"speedup": 1.1633456720249207, "eficiencia": 0.5816728360124603}, "('0', '3000000000')": {"speedup": 1.1598552310267836, "eficiencia": 0.5799276155133918}, "('0', '3200000000')": {"speedup": 1.1606995799003965, "eficiencia": 0.5803497899501983}}, "3": {"('0', '1600000000')": {"speedup": 1.7513296905948976, "eficiencia": 0.5837765635316325}, "('0', '1800000000')": {"speedup": 1.7662172026355465, "eficiencia": 0.5887390675451821}, "('0', '2000000000')": {"speedup": 1.7670260325587863, "eficiencia": 0.5890086775195954}, "('0', '2200000000')": {"speedup": 1.7593117997233225, "eficiencia": 0.5864372665744408}, "('0', '2400000000')": {"speedup": 1.762721739295626, "eficiencia": 0.587573913098542}, "('0', '2600000000')": {"speedup": 1.7581487126438837, "eficiencia": 0.5860495708812946}, "('0', '2800000000')": {"speedup": 1.7444191077212423, "eficiencia": 0.5814730359070808}, "('0', '3000000000')": {"speedup": 1.7394074440772895, "eficiencia": 0.5798024813590965}, "('0', '3200000000')": {"speedup": 1.7397899385652424, "eficiencia": 0.5799299795217475}}, "4": {"('0', '1600000000')": {"speedup": 2.3330379818089884, "eficiencia": 0.5832594954522471}, "('0', '1800000000')": {"speedup": 2.3556832863572676, "eficiencia": 0.5889208215893169}, "('0', '2000000000')": {"speedup": 2.35504716609108, "eficiencia": 0.58876179152277}, "('0', '2200000000')": {"speedup": 2.344170905173286, "eficiencia": 0.5860427262933215}, "('0', '2400000000')": {"speedup": 2.3469604273501896, "eficiencia": 0.5867401068375474}, "('0', '2600000000')": {"speedup": 2.3417027586644474, "eficiencia": 0.5854256896661119}, "('0', '2800000000')": {"speedup": 2.325405978724988, "eficiencia": 0.581351494681247}, "('0', '3000000000')": {"speedup": 2.3187610434401975, "eficiencia": 0.5796902608600494}, "('0', '3200000000')": {"speedup": 2.3199517651094177, "eficiencia": 0.5799879412773544}}, "6": {"('0', '1600000000')": {"speedup": 3.382887397276596, "eficiencia": 0.5638145662127659}, "('0', '1800000000')": {"speedup": 3.4215686408173753, "eficiencia": 0.5702614401362293}, "('0', '2000000000')": {"speedup": 3.415664438544236, "eficiencia": 0.5692774064240393}, "('0', '2200000000')": {"speedup": 3.4015999770668284, "eficiencia": 0.5669333295111381}, "('0', '2400000000')": {"speedup": 3.4100229713064905, "eficiencia": 0.5683371618844151}, "('0', '2600000000')": {"speedup": 3.4024293853327436, "eficiencia": 0.5670715642221239}, "('0', '2800000000')": {"speedup": 3.3789795077058455, "eficiencia": 0.5631632512843076}, "('0', '3000000000')": {"speedup": 3.366560080579218, "eficiencia": 0.561093346763203}, "('0', '3200000000')": {"speedup": 3.365194372670538, "eficiencia": 0.560865728778423}}, "8": {"('0', '1600000000')": {"speedup": 4.089818616877229, "eficiencia": 0.5112273271096536}, "('0', '1800000000')": {"speedup": 4.126834908413183, "eficiencia": 0.5158543635516478}, "('0', '2000000000')": {"speedup": 4.124365113655636, "eficiencia": 0.5155456392069545}, "('0', '2200000000')": {"speedup": 4.110961658526241, "eficiencia": 0.5138702073157801}, "('0', '2400000000')": {"speedup": 4.11975976282753, "eficiencia": 0.5149699703534413}, "('0', '2600000000')": {"speedup": 4.107137078142546, "eficiencia": 0.5133921347678182}, "('0', '2800000000')": {"speedup": 4.0937833446375675, "eficiencia": 0.5117229180796959},