{"v1": {"('0', '2000000000')": {"2": {"speedup": 1.0256444879831235, "eficiencia": 0.5128222439915617}, "3": {"speedup": 1.5380245105156645, "eficiencia": 0.5126748368385549}, "4": {"speedup": 2.0474589641322747, "eficiencia": 0.5118647410330687}, "5": {"speedup": 2.4844996954594416, "eficiencia": 0.49689993909188834}, "6": {"speedup": 2.958907259633814, "eficiencia": 0.493151209938969}}, "('0', '2200000000')": {"2": {"speedup": 1.0474490191481254, "eficiencia": 0.5237245095740627}, "3": {"speedup": 1.56999541271176, "eficiencia": 0.5233318042372533}, "4": {"speedup": 2.0446342783818547, "eficiencia": 0.5111585695954637}, "5": {"speedup": 2.5630581869590463, "eficiencia": 0.5126116373918093}, "6": {"speedup": 2.993332415321327, "eficiencia": 0.49888873588688787}}, "('0', '2400000000')": {"2": {"speedup": 1.03474261634638, "eficiencia": 0.51737130817319}, "3": {"speedup": 1.5521603097300063, "eficiencia": 0.5173867699100021}, "4": {"speedup": 2.0678931553915825, "eficiencia": 0.5169732888478956}, "5": {"speedup": 2.5467596815157503, "eficiencia": 0.50935193630315}, "6": {"speedup": 2.961733413765154, "eficiencia": 0.49362223562752566}}, "('0', '2600000000')": {"2": {"speedup": 1.035800690117089, "eficiencia": 0.5179003450585445}, "3": {"speedup": 1.5521370089071131, "eficiencia": 0.5173790029690377}, "4": {"speedup": 2.0214599540074345, "eficiencia": 0.5053649885018586}, "5": {"speedup": 2.5448719197436063, "eficiencia": 0.5089743839487213}, "6": {"speedup": 2.977695265038849, "eficiencia": 0.4962825441731415}}, "('0', '2800000000')": {"2": {"speedup": 1.0362010647846926, "eficiencia": 0.5181005323923463}, "3": {"speedup": 1.5523814423037396, "eficiencia": 0.5174604807679132}, "4": {"speedup": 2.059178028308368, "eficiencia": 0.514794507077092}, "5": {"speedup": 2.544304180693179, "eficiencia": 0.5088608361386358}, "6": {"speedup": 2.979778443141418, "eficiencia": 0.4966297405235696}}, "('0', '3000000000')": {"2": {"speedup": 1.068133266619155, "eficiencia": 0.5340666333095775}, "3": {"speedup": 1.6102829531371396, "eficiencia": 0.5367609843790465}, "4": {"speedup": 2.134035587849833, "eficiencia": 0.5335088969624583}, "5": {"speedup": 2.627825989641407, "eficiencia": 0.5255651979282814}, "6": {"speedup": 3.0044592331405555, "eficiencia": 0.5007432055234259}}, "('0', '3200000000')": {"2": {"speedup": 1.0721045424108129, "eficiencia": 0.5360522712054064}, "3": {"speedup": 1.6071053564676572, "eficiencia": 0.5357017854892191}, "4": {"speedup": 2.093274374406512, "eficiencia": 0.523318593601628}, "5": {"speedup": 2.638866621663568, "eficiencia": 0.5277733243327136}, "6": {"speedup": 3.0525837424235642, "eficiencia": 0.5087639570705941}}, "('0', '3400000000')": {"2": {"speedup": 1.0349213206264642, "eficiencia": 0.5174606603132321}, "3": {"speedup": 1.5525498493393384, "eficiencia": 0.5175166164464461}, "4": {"speedup": 2.0680736893875147, "eficiencia": 0.5170184223468787}, "5": {"speedup": 2.5498668045739175, "eficiencia": 0.5099733609147835}, "6": {"speedup": 2.96407790397087, "eficiencia": 0.494012983995145}}, "('0', '3600000000')": {"2": {"speedup": 1.0175599492233889, "eficiencia": 0.5087799746116944}, "3": {"speedup": 1.560612804124745, "eficiencia": 0.5202042680415816}, "4": {"speedup": 2.090791790880723, "eficiencia": 0.5226979477201807}, "5": {"speedup": 2.578379684222462, "eficiencia": 0.5156759368444924}, "6": {"speedup": 2.9479899996680365, "eficiencia": 0.4913316666113394}}, "('0', '3800000000')": {"2": {"speedup": 1.010577999698026, "eficiencia": 0.505288999849013}, "3": {"speedup": 1.4808095806519572, "eficiencia": 0.4936031935506524}, "4": {"speedup": 2.0662710292655415, "eficiencia": 0.5165677573163854}, "5": {"speedup": 2.5469306927364412, "eficiencia": 0.5093861385472882}, "6": {"speedup": 2.8495144897169356, "eficiencia": 0.47491908161948926}}, "('0', '4000000000')": {"2": {"speedup": 1.0749090010871822, "eficiencia": 0.5374545005435911}, "3": {"speedup": 1.6115306079282763, "eficiencia": 0.5371768693094254}, "4": {"speedup": 2.148291288211731, "eficiencia": 0.5370728220529327}, "5": {"speedup": 2.6271857476315352, "eficiencia": 0.525437149526307}, "6": {"speedup": 3.0809952307611086, "eficiencia": 0.5134992051268514}}}, "v2": {"2": {"('0', '2000000000')": {"speedup": 1.0256444879831235, "eficiencia": 0.5128222439915617}, "('0', '2200000000')": {"speedup": 1.0474490191481254, "eficiencia": 0.5237245095740627}, "('0', '2400000000')": {"speedup": 1.03474261634638, "eficiencia": 0.51737130817319}, "('0', '2600000000')": {"speedup": 1.035800690117089, "eficiencia": 0.5179003450585445}, "('0', '2800000000')": {"speedup": 1.0362010647846926, "eficiencia": 0.5181005323923463}, "('0', '3000000000')": {"speedup": 1.068133266619155, "eficiencia": 0.5340666333095775}, "('0', '3200000000')": {"speedup": 1.0721045424108129, "eficiencia": 0.5360522712054064}, "('0', '3400000000')": {"speedup": 1.0349213206264642, "eficiencia": 0.5174606603132321}, "('0', '3600000000')": {"speedup": 1.0175599492233889, "eficiencia": 0.5087799746116944}, "('0', '3800000000')": {"speedup": 1.010577999698026, "eficiencia": 0.505288999849013}, "('0', '4000000000')": {"speedup": 1.0749090010871822, "eficiencia": 0.5374545005435911}}, "3": {"('0', '2000000000')": {"speedup": 1.5380245105156645, "eficiencia": 0.5126748368385549}, "('0', '2200000000')": {"speedup": 1.56999541271176, "eficiencia": 0.5233318042372533}, "('0', '2400000000')": {"speedup": 1.5521603097300063, "eficiencia": 0.5173867699100021}, "('0', '2600000000')": {"speedup": 1.5521370089071131, "eficiencia": 0.5173790029690377}, "('0', '2800000000')": {"speedup": 1.5523814423037396, "eficiencia": 0.5174604807679132}, "('0', '3000000000')": {"speedup": 1.6102829531371396, "eficiencia": 0.5367609843790465}, "('0', '3200000000')": {"speedup": 1.6071053564676572, "eficiencia": 0.5357017854892191}, "('0', '3400000000')": {"speedup": 1.5525498493393384, "eficiencia": 0.5175166164464461}, "('0', '3600000000')": {"speedup": 1.560612804124745, "eficiencia": 0.5202042680415816}, "('0', '3800000000')": {"speedup": 1.4808095806519572, "eficiencia": 0.4936031935506524}, "('0', '4000000000')": {"speedup": 1.6115306079282763, "eficiencia": 0.5371768693094254}}, "4": {"('0', '2000000000')": {"speedup": 2.0474589641322747, "eficiencia": 0.5118647410330687}, "('0', '2200000000')": {"speedup": 2.0446342783818547, "eficiencia": 0.5111585695954637}, "('0', '2400000000')": {"speedup": 2.0678931553915825, "eficiencia": 0.5169732888478956}, "('0', '2600000000')": {"speedup": 2.0214599540074345, "eficiencia": 0.5053649885018586}, "('0', '2800000000')": {"speedup": 2.059178028308368, "eficiencia": 0.514794507077092}, "('0', '3000000000')": {"speedup": 2.134035587849833, "eficiencia": 0.5335088969624583}, "('0', '3200000000')": {"speedup": 2.093274374406512, "eficiencia": 0.523318593601628}, "('0', '3400000000')": {"speedup": 2.0680736893875147, "eficiencia": 0.5170184223468787}, "('0', '3600000000')": {"speedup": 2.090791790880723, "eficiencia": 0.5226979477201807}, "('0', '3800000000')": {"speedup": 2.0662710292655415, "eficiencia": 0.5165677573163854}, "('0', '4000000000')": {"speedup": 2.148291288211731, "eficiencia": 0.5370728220529327}}, "5": {"('0', '2000000000')": {"speedup": 2.4844996954594416, "eficiencia": 0.49689993909188834}, "('0', '2200000000')": {"speedup": 2.5630581869590463, "eficiencia": 0.5126116373918093}, "('0', '2400000000')": {"speedup": 2.5467596815157503, "eficiencia": 0.50935193630315}, "('0', '2600000000')": {"speedup": 2.5448719197436063, "eficiencia": 0.5089743839487213}, "('0', '2800000000')": {"speedup": 2.544304180693179, "eficiencia": 0.5088608361386358}, "('0', '3000000000')": {"speedup": 2.627825989641407, "eficiencia": 0.5255651979282814}, "('0', '3200000000')": {"speedup": 2.638866621663568, "eficiencia": 0.5277733243327136}, "('0', '3400000000')": {"speedup": 2.5498668045739175, "eficiencia": 0.5099733609147835}, "('0', '3600000000')": {"speedup": 2.578379684222462,