{
    "v1": {
        "('0', '2000000000')": {
            "2": {
                "speedup": 1.0273419603192433,
                "eficiencia": 0.5136709801596216
            },
            "3": {
                "speedup": 1.5405545724814098,
                "eficiencia": 0.5135181908271366
            },
            "4": {
                "speedup": 2.049793763872836,
                "eficiencia": 0.512448440968209
            },
            "5": {
                "speedup": 2.5339543789463264,
                "eficiencia": 0.5067908757892653
            },
            "6": {
                "speedup": 2.9627841289748225,
                "eficiencia": 0.49379735482913706
            }
        },
        "('0', '2200000000')": {
            "2": {
                "speedup": 1.0351855083059986,
                "eficiencia": 0.5175927541529993
            },
            "3": {
                "speedup": 1.5522721654598355,
                "eficiencia": 0.5174240551532785
            },
            "4": {
                "speedup": 2.068457338856837,
                "eficiencia": 0.5171143347142092
            },
            "5": {
                "speedup": 2.544811863807575,
                "eficiencia": 0.508962372761515
            },
            "6": {
                "speedup": 2.97244768143177,
                "eficiencia": 0.495407946905295
            }
        },
        "('0', '2400000000')": {
            "2": {
                "speedup": 1.0350248472344379,
                "eficiencia": 0.5175124236172189
            },
            "3": {
                "speedup": 1.5520476329751975,
                "eficiencia": 0.5173492109917325
            },
            "4": {
                "speedup": 2.0684318289711108,
                "eficiencia": 0.5171079572427777
            },
            "5": {
                "speedup": 2.5463031496179247,
                "eficiencia": 0.5092606299235849
            },
            "6": {
                "speedup": 2.9746997067597674,
                "eficiencia": 0.4957832844599612
            }
        },
        "('0', '2600000000')": {
            "2": {
                "speedup": 1.0351442996084579,
                "eficiencia": 0.5175721498042289
            },
            "3": {
                "speedup": 1.5522332880072376,
                "eficiencia": 0.5174110960024125
            },
            "4": {
                "speedup": 2.0681048226618888,
                "eficiencia": 0.5170262056654722
            },
            "5": {
                "speedup": 2.5430526180877493,
                "eficiencia": 0.5086105236175499
            },
            "6": {
                "speedup": 2.977500618019991,
                "eficiencia": 0.4962501030033319
            }
        },
        "('0', '2800000000')": {
            "2": {
                "speedup": 1.035168651613914,
                "eficiencia": 0.517584325806957
            },
            "3": {
                "speedup": 1.5518970159288836,
                "eficiencia": 0.5172990053096279
            },
            "4": {
                "speedup": 2.0677888719485535,
                "eficiencia": 0.5169472179871384
            },
            "5": {
                "speedup": 2.5422482099763437,
                "eficiencia": 0.5084496419952688
            },
            "6": {
                "speedup": 2.9773105003559333,
                "eficiencia": 0.4962184167259889
            }
        },
        "('0', '3000000000')": {
            "2": {
                "speedup": 1.0355260245647975,
                "eficiencia": 0.5177630122823987
            },
            "3": {
                "speedup": 1.5528835076797318,
                "eficiencia": 0.5176278358932439
            },
            "4": {
                "speedup": 2.068692939946077,
                "eficiencia": 0.5171732349865192
            },
            "5": {
                "speedup": 2.5454202284631875,
                "eficiencia": 0.5090840456926375
            },
            "6": {
                "speedup": 2.9742790606310074,
                "eficiencia": 0.4957131767718346
            }
        },
        "('0', '3200000000')": {
            "2": {
                "speedup": 1.0349399236429577,
                "eficiencia": 0.5174699618214789
            },
            "3": {
                "speedup": 1.5519295866872205,
                "eficiencia": 0.5173098622290735
            },
            "4": {
                "speedup": 2.068587567987182,
                "eficiencia": 0.5171468919967955
            },
            "5": {
                "speedup": 2.5470840054019392,
                "eficiencia": 0.5094168010803879
            },
            "6": {
                "speedup": 2.9711182434849004,
                "eficiencia": 0.49518637391415005
            }
        },
        "('0', '3400000000')": {
            "2": {
                "speedup": 1.0348835040794195,
                "eficiencia": 0.5174417520397098
            },
            "3": {
                "speedup": 1.5519328969100143,
                "eficiencia": 0.5173109656366714
            },
            "4": {
                "speedup": 2.0685188007694686,
                "eficiencia": 0.5171297001923671
            },
            "5": {
                "speedup": 2.5502940150325575,
                "eficiencia": 0.5100588030065115
            },
            "6": {
                "speedup": 2.9764345857500953,
                "eficiencia": 0.49607243095834924
            }
        },
        "('0', '3600000000')": {
            "2": {
                "speedup": 1.0349204484572079,
                "eficiencia": 0.5174602242286039
            },
            "3": {
                "speedup": 1.5510658300102518,
                "eficiencia": 0.5170219433367506
            },
            "4": {
                "speedup": 2.0683888937156856,
                "eficiencia": 0.5170972234289214
            },
            "5": {
                "speedup": 2.550099760844681,
                "eficiencia": 0.5100199521689361
            },
            "6": {
                "speedup": 2.9587733380843906,
                "eficiencia": 0.49312888968073176
            }
        },
        "('0', '3800000000')": {
            "2": {
                "speedup": 1.0347036556249347,
                "eficiencia": 0.5173518278124674
            },
            "3": {
                "speedup": 1.5508503191178704,
                "eficiencia": 0.5169501063726235
            },
            "4": {
                "speedup": 2.068060657786897,
                "eficiencia": 0.5170151644467242
            },
            "5": {
                "speedup": 2.5491508388630004,
                "eficiencia": 0.5098301677726
            },
            "6": {
                "speedup": 2.978740825523693,
                "eficiencia": 0.49645680425394884
            }
        },
        "('0', '4000000000')": {
            "2": {
                "speedup": 1.0325585754461275,
                "eficiencia": 0.5162792877230638
            },
            "3": {
                "speedup": 1.5478326972802905,
                "eficiencia": 0.5159442324267635
            },
            "4": {
                "speedup": 2.0634818107094572,
                "eficiencia": 0.5158704526773643
            },
            "5": {
                "speedup": 2.5450718419081406,
                "eficiencia": 0.5090143683816282
            },
            "6": {
                "speedup": 2.9718666892189,
                "eficiencia": 0.49531111486981666
            }
        }
    },
    "v2": {
        "2": {
            "('0', '2000000000')": {
                "speedup": 1.0273419603192433,