{"v1": {"('0', '2200000000')": {"2": {"speedup": 1.9464414218194133, "eficiencia": 0.9732207109097066}, "3": {"speedup": 2.91572336256105, "eficiencia": 0.97190778752035}, "4": {"speedup": 3.8837581539541786, "eficiencia": 0.9709395384885446}, "5": {"speedup": 4.818250714426545, "eficiencia": 0.963650142885309}, "6": {"speedup": 5.638970406193761, "eficiencia": 0.9398284010322935}}, "('0', '2400000000')": {"2": {"speedup": 1.9503227441799067, "eficiencia": 0.9751613720899533}, "3": {"speedup": 2.9166157141329228, "eficiencia": 0.9722052380443076}, "4": {"speedup": 3.88435857763519, "eficiencia": 0.9710896444087975}, "5": {"speedup": 4.825800524776154, "eficiencia": 0.9651601049552309}, "6": {"speedup": 5.634930320324663, "eficiencia": 0.9391550533874438}}, "('0', '2600000000')": {"2": {"speedup": 1.9510650654642663, "eficiencia": 0.9755325327321331}, "3": {"speedup": 2.9172325026029857, "eficiencia": 0.9724108342009953}, "4": {"speedup": 3.8874697617805265, "eficiencia": 0.9718674404451316}, "5": {"speedup": 4.823527930005423, "eficiencia": 0.9647055860010847}, "6": {"speedup": 5.641413676428177, "eficiencia": 0.9402356127380295}}, "('0', '2800000000')": {"2": {"speedup": 1.95599912793315, "eficiencia": 0.977999563966575}, "3": {"speedup": 2.91628928626413, "eficiencia": 0.97209642875471}, "4": {"speedup": 3.886019507781196, "eficiencia": 0.971504876945299}, "5": {"speedup": 4.823991173787298, "eficiencia": 0.9647982347574595}, "6": {"speedup": 5.640550000574834, "eficiencia": 0.9400916667624722}}, "('0', '3000000000')": {"2": {"speedup": 1.953450789673851, "eficiencia": 0.9767253948369256}, "3": {"speedup": 2.9170645705576, "eficiencia": 0.9723548568525334}, "4": {"speedup": 3.886831381015579, "eficiencia": 0.9717078452538948}, "5": {"speedup": 4.819738820663118, "eficiencia": 0.9639477641326236}, "6": {"speedup": 5.642362649089792, "eficiencia": 0.9403937748482987}}, "('0', '3200000000')": {"2": {"speedup": 1.954413327318934, "eficiencia": 0.977206663659467}, "3": {"speedup": 2.9166286516668287, "eficiencia": 0.9722095505556095}, "4": {"speedup": 3.885565375910568, "eficiencia": 0.971391343977642}, "5": {"speedup": 4.826188389417332, "eficiencia": 0.9652376778834665}, "6": {"speedup": 5.6474480407233925, "eficiencia": 0.9412413401205654}}, "('0', '3400000000')": {"2": {"speedup": 1.9595007071872692, "eficiencia": 0.9797503535936346}, "3": {"speedup": 2.917369491275641, "eficiencia": 0.9724564970918803}, "4": {"speedup": 3.8872832551620395, "eficiencia": 0.9718208137905099}, "5": {"speedup": 4.81989243112151, "eficiencia": 0.963978486224302}, "6": {"speedup": 5.641129299086455, "eficiencia": 0.9401882165144092}}, "('0', '3600000000')": {"2": {"speedup": 1.960417154898663, "eficiencia": 0.9802085774493315}, "3": {"speedup": 2.9166343637717738, "eficiencia": 0.9722114545905912}, "4": {"speedup": 3.8872261827415837, "eficiencia": 0.9718065456853959}, "5": {"speedup": 4.82549726754844, "eficiencia": 0.965099453509688}, "6": {"speedup": 5.642804152104327, "eficiencia": 0.9404673586840545}}, "('0', '3800000000')": {"2": {"speedup": 1.959386533387129, "eficiencia": 0.9796932666935645}, "3": {"speedup": 2.916863803474236, "eficiencia": 0.9722879344914119}, "4": {"speedup": 3.887762274268586, "eficiencia": 0.9719405685671465}, "5": {"speedup": 4.824123312759906, "eficiencia": 0.9648246625519812}, "6": {"speedup": 5.644301964841984, "eficiencia": 0.9407169941403306}}, "('0', '4000000000')": {"2": {"speedup": 1.961700909798935, "eficiencia": 0.9808504548994675}, "3": {"speedup": 2.917197464639983, "eficiencia": 0.9723991548799944}, "4": {"speedup": 3.8874715650562766, "eficiencia": 0.9718678912640691}, "5": {"speedup": 4.824175380672759, "eficiencia": 0.9648350761345519}, "6": {"speedup": 5.639502807430969, "eficiencia": 0.9399171345718282}}, "('0', '4200000000')": {"2": {"speedup": 1.9666913051538109, "eficiencia": 0.9833456525769054}, "3": {"speedup": 2.917016058510673, "eficiencia": 0.9723386861702243}, "4": {"speedup": 3.8883403488208317, "eficiencia": 0.9720850872052079}, "5": {"speedup": 4.824179390110946, "eficiencia": 0.9648358780221893}, "6": {"speedup": 5.640739852308125, "eficiencia": 0.9401233087180209}}, "('0', '4400000000')": {"2": {"speedup": 1.9658495306932398, "eficiencia": 0.9829247653466199}, "3": {"speedup": 2.9175873784066324, "eficiencia": 0.9725291261355441}, "4": {"speedup": 3.887813619561086, "eficiencia": 0.9719534048902715}, "5": {"speedup": 4.826255740809984, "eficiencia": 0.9652511481619968}, "6": {"speedup": 5.642295330904144, "eficiencia": 0.9403825551506907}}}, "v2": {"2": {"('0', '2200000000')": {"speedup": 1.9464414218194133, "eficiencia": 0.9732207109097066}, "('0', '2400000000')": {"speedup": 1.9503227441799067, "eficiencia": 0.9751613720899533}, "('0', '2600000000')": {"speedup": 1.9510650654642663, "eficiencia": 0.9755325327321331}, "('0', '2800000000')": {"speedup": 1.95599912793315, "eficiencia": 0.977999563966575}, "('0', '3000000000')": {"speedup": 1.953450789673851, "eficiencia": 0.9767253948369256}, "('0', '3200000000')": {"speedup": 1.954413327318934, "eficiencia": 0.977206663659467}, "('0', '3400000000')": {"speedup": 1.9595007071872692, "eficiencia": 0.9797503535936346}, "('0', '3600000000')": {"speedup": 1.960417154898663, "eficiencia": 0.9802085774493315}, "('0', '3800000000')": {"speedup": 1.959386533387129, "eficiencia": 0.9796932666935645}, "('0', '4000000000')": {"speedup": 1.961700909798935, "eficiencia": 0.9808504548994675}, "('0', '4200000000')": {"speedup": 1.9666913051538109, "eficiencia": 0.9833456525769054}, "('0', '4400000000')": {"speedup": 1.9658495306932398, "eficiencia": 0.9829247653466199}}, "3": {"('0', '2200000000')": {"speedup": 2.91572336256105, "eficiencia": 0.97190778752035}, "('0', '2400000000')": {"speedup": 2.9166157141329228, "eficiencia": 0.9722052380443076}, "('0', '2600000000')": {"speedup": 2.9172325026029857, "eficiencia": 0.9724108342009953}, "('0', '2800000000')": {"speedup": 2.91628928626413, "eficiencia": 0.97209642875471}, "('0', '3000000000')": {"speedup": 2.9170645705576, "eficiencia": 0.9723548568525334}, "('0', '3200000000')": {"speedup": 2.9166286516668287, "eficiencia": 0.9722095505556095}, "('0', '3400000000')": {"speedup": 2.917369491275641, "eficiencia": 0.9724564970918803}, "('0', '3600000000')": {"speedup": 2.9166343637717738, "eficiencia": 0.9722114545905912}, "('0', '3800000000')": {"speedup": 2.916863803474236, "eficiencia": 0.9722879344914119}, "('0', '4000000000')": {"speedup": 2.917197464639983, "eficiencia": 0.9723991548799944}, "('0', '4200000000')": {"speedup": 2.917016058510673, "eficiencia": 0.9723386861702243}, "('0', '4400000000')": {"speedup": 2.9175873784066324, "eficiencia": 0.9725291261355441}}, "4": {"('0', '2200000000')": {"speedup": 3.8837581539541786, "eficiencia": 0.9709395384885446}, "('0', '2400000000')": {"speedup": 3.88435857763519, "eficiencia": 0.9710896444087975}, "('0', '2600000000')": {"speedup": 3.8874697617805265, "eficiencia": 0.9718674404451316}, "('0', '2800000000')": {"speedup": 3.886019507781196, "eficiencia": 0.971504876945299}, "('0', '3000000000')": {"speedup": 3.886831381015579, "eficiencia": 0.9717078452538948}, "('0', '3200000000')": {"speedup": 3.885565375910568, "eficiencia": 0.971391343977642}, "('0', '3400000000')": {"speedup": 3.8872832551620395, "eficiencia": 0.9718208137905099}, "('0', '3600000000')": {"speedup": 3.8872261827415837, "eficiencia": 0.9718065456853959}, "('0', '3800000000')": {"speedup": 3.887762274268586, "eficiencia": 0.9719405685671465}, "('0', '4000000000')": {"speedup": 3.8874715650562766, "eficiencia": 0.9718678912640691}, "('0', '4200000000')": {"speedup": 3.8883403488208317, "eficiencia": 0.9720850872052079}, "('0', '4400000000')": {"speedup": 3.887813619561086, "eficiencia": 0.9719534048902715}}, "5": {"('0', '2200000000')": {"speedup": 4.818250714426545, "eficiencia": 0.963650142885309}, "('0', '2400000000')": {"speedup": 4.825800524776154, "eficiencia": 0.9651601049552309},