{"v1": {"('0', '2200000000')": {"2": {"speedup": 1.950818474488086, "eficiencia": 0.975409237244043}, "3": {"speedup": 2.916870008556197, "eficiencia": 0.9722900028520657}, "4": {"speedup": 3.8857691532263057, "eficiencia": 0.9714422883065764}, "5": {"speedup": 4.816520667586452, "eficiencia": 0.9633041335172903}, "6": {"speedup": 5.640544762896289, "eficiencia": 0.9400907938160481}}, "('0', '2400000000')": {"2": {"speedup": 1.9623022856955308, "eficiencia": 0.9811511428477654}, "3": {"speedup": 2.9278020545074037, "eficiencia": 0.9759340181691346}, "4": {"speedup": 3.895943866481337, "eficiencia": 0.9739859666203342}, "5": {"speedup": 4.843169562064141, "eficiencia": 0.9686339124128281}, "6": {"speedup": 5.653529654910797, "eficiencia": 0.9422549424851329}}, "('0', '2600000000')": {"2": {"speedup": 1.9637764424269804, "eficiencia": 0.9818882212134902}, "3": {"speedup": 2.929243036494024, "eficiencia": 0.976414345498008}, "4": {"speedup": 3.9036285986608976, "eficiencia": 0.9759071496652244}, "5": {"speedup": 4.84231490665003, "eficiencia": 0.968462981330006}, "6": {"speedup": 5.664670475264203, "eficiencia": 0.9441117458773672}}, "('0', '2800000000')": {"2": {"speedup": 1.9650487257035563, "eficiencia": 0.9825243628517781}, "3": {"speedup": 2.9237638851705925, "eficiencia": 0.9745879617235308}, "4": {"speedup": 3.895602719986314, "eficiencia": 0.9739006799965785}, "5": {"speedup": 4.834946921578374, "eficiencia": 0.9669893843156748}, "6": {"speedup": 5.652008624171194, "eficiencia": 0.9420014373618657}}, "('0', '3000000000')": {"2": {"speedup": 1.9622280648741477, "eficiencia": 0.9811140324370738}, "3": {"speedup": 2.9235638017148102, "eficiencia": 0.97452126723827}, "4": {"speedup": 3.8953838786658075, "eficiencia": 0.9738459696664519}, "5": {"speedup": 4.8265755818838105, "eficiencia": 0.9653151163767622}, "6": {"speedup": 5.64670277060651, "eficiencia": 0.9411171284344183}}, "('0', '3200000000')": {"2": {"speedup": 1.9648827885351097, "eficiencia": 0.9824413942675548}, "3": {"speedup": 2.9254597651576772, "eficiencia": 0.9751532550525591}, "4": {"speedup": 3.896160894456344, "eficiencia": 0.974040223614086}, "5": {"speedup": 4.840649792033302, "eficiencia": 0.9681299584066604}, "6": {"speedup": 5.664510327603836, "eficiencia": 0.9440850546006394}}, "('0', '3400000000')": {"2": {"speedup": 1.9674138832887444, "eficiencia": 0.9837069416443722}, "3": {"speedup": 2.9244483072447056, "eficiencia": 0.9748161024149019}, "4": {"speedup": 3.8959681811810145, "eficiencia": 0.9739920452952536}, "5": {"speedup": 4.82727602106686, "eficiencia": 0.9654552042133719}, "6": {"speedup": 5.652293944364351, "eficiencia": 0.9420489907273919}}, "('0', '3600000000')": {"2": {"speedup": 1.9682095982797059, "eficiencia": 0.9841047991398529}, "3": {"speedup": 2.9231783766261783, "eficiencia": 0.9743927922087261}, "4": {"speedup": 3.8963746405477395, "eficiencia": 0.9740936601369349}, "5": {"speedup": 4.835271039820367, "eficiencia": 0.9670542079640734}, "6": {"speedup": 5.317819882648439, "eficiencia": 0.8863033137747398}}, "('0', '3800000000')": {"2": {"speedup": 1.9662110943077793, "eficiencia": 0.9831055471538896}, "3": {"speedup": 2.9222155294283803, "eficiencia": 0.9740718431427934}, "4": {"speedup": 3.8949696970340297, "eficiencia": 0.9737424242585074}, "5": {"speedup": 4.827424708427669, "eficiencia": 0.9654849416855338}, "6": {"speedup": 5.655083017395861, "eficiencia": 0.9425138362326435}}, "('0', '4000000000')": {"2": {"speedup": 1.9711564121701606, "eficiencia": 0.9855782060850803}, "3": {"speedup": 2.925136320836494, "eficiencia": 0.9750454402788313}, "4": {"speedup": 3.8966574629321493, "eficiencia": 0.9741643657330373}, "5": {"speedup": 4.837021614814736, "eficiencia": 0.9674043229629472}, "6": {"speedup": 5.653660925012594, "eficiencia": 0.9422768208354323}}, "('0', '4200000000')": {"2": {"speedup": 1.973488929882649, "eficiencia": 0.9867444649413245}, "3": {"speedup": 2.922982648871407, "eficiencia": 0.9743275496238023}, "4": {"speedup": 3.8960475859430654, "eficiencia": 0.9740118964857664}, "5": {"speedup": 4.684917236198324, "eficiencia": 0.9369834472396648}, "6": {"speedup": 5.650911668577879, "eficiencia": 0.9418186114296465}}, "('0', '4400000000')": {"2": {"speedup": 1.9711750955068357, "eficiencia": 0.9855875477534178}, "3": {"speedup": 2.921722686532606, "eficiencia": 0.9739075621775353}, "4": {"speedup": 3.892913176620165, "eficiencia": 0.9732282941550412}, "5": {"speedup": 4.833001440327298, "eficiencia": 0.9666002880654595}, "6": {"speedup": 5.645919170727554, "eficiencia": 0.9409865284545923}}}, "v2": {"2": {"('0', '2200000000')": {"speedup": 1.950818474488086, "eficiencia": 0.975409237244043}, "('0', '2400000000')": {"speedup": 1.9623022856955308, "eficiencia": 0.9811511428477654}, "('0', '2600000000')": {"speedup": 1.9637764424269804, "eficiencia": 0.9818882212134902}, "('0', '2800000000')": {"speedup": 1.9650487257035563, "eficiencia": 0.9825243628517781}, "('0', '3000000000')": {"speedup": 1.9622280648741477, "eficiencia": 0.9811140324370738}, "('0', '3200000000')": {"speedup": 1.9648827885351097, "eficiencia": 0.9824413942675548}, "('0', '3400000000')": {"speedup": 1.9674138832887444, "eficiencia": 0.9837069416443722}, "('0', '3600000000')": {"speedup": 1.9682095982797059, "eficiencia": 0.9841047991398529}, "('0', '3800000000')": {"speedup": 1.9662110943077793, "eficiencia": 0.9831055471538896}, "('0', '4000000000')": {"speedup": 1.9711564121701606, "eficiencia": 0.9855782060850803}, "('0', '4200000000')": {"speedup": 1.973488929882649, "eficiencia": 0.9867444649413245}, "('0', '4400000000')": {"speedup": 1.9711750955068357, "eficiencia": 0.9855875477534178}}, "3": {"('0', '2200000000')": {"speedup": 2.916870008556197, "eficiencia": 0.9722900028520657}, "('0', '2400000000')": {"speedup": 2.9278020545074037, "eficiencia": 0.9759340181691346}, "('0', '2600000000')": {"speedup": 2.929243036494024, "eficiencia": 0.976414345498008}, "('0', '2800000000')": {"speedup": 2.9237638851705925, "eficiencia": 0.9745879617235308}, "('0', '3000000000')": {"speedup": 2.9235638017148102, "eficiencia": 0.97452126723827}, "('0', '3200000000')": {"speedup": 2.9254597651576772, "eficiencia": 0.9751532550525591}, "('0', '3400000000')": {"speedup": 2.9244483072447056, "eficiencia": 0.9748161024149019}, "('0', '3600000000')": {"speedup": 2.9231783766261783, "eficiencia": 0.9743927922087261}, "('0', '3800000000')": {"speedup": 2.9222155294283803, "eficiencia": 0.9740718431427934}, "('0', '4000000000')": {"speedup": 2.925136320836494, "eficiencia": 0.9750454402788313}, "('0', '4200000000')": {"speedup": 2.922982648871407, "eficiencia": 0.9743275496238023}, "('0', '4400000000')": {"speedup": 2.921722686532606, "eficiencia": 0.9739075621775353}}, "4": {"('0', '2200000000')": {"speedup": 3.8857691532263057, "eficiencia": 0.9714422883065764}, "('0', '2400000000')": {"speedup": 3.895943866481337, "eficiencia": 0.9739859666203342}, "('0', '2600000000')": {"speedup": 3.9036285986608976, "eficiencia": 0.9759071496652244}, "('0', '2800000000')": {"speedup": 3.895602719986314, "eficiencia": 0.9739006799965785}, "('0', '3000000000')": {"speedup": 3.8953838786658075, "eficiencia": 0.9738459696664519}, "('0', '3200000000')": {"speedup": 3.896160894456344, "eficiencia": 0.974040223614086}, "('0', '3400000000')": {"speedup": 3.8959681811810145, "eficiencia": 0.9739920452952536}, "('0', '3600000000')": {"speedup": 3.8963746405477395, "eficiencia": 0.9740936601369349}, "('0', '3800000000')": {"speedup": 3.8949696970340297, "eficiencia": 0.9737424242585074}, "('0', '4000000000')": {"speedup": 3.8966574629321493, "eficiencia": 0.9741643657330373}, "('0', '4200000000')": {"speedup": 3.8960475859430654, "eficiencia": 0.9740118964857664}, "('0', '4400000000')": {"speedup": 3.892913176620165, "eficiencia": 0.9732282941550412}}, "5": {"('0', '2200000000')": {"speedup": 4.816520667586452, "eficiencia": 0.9633041335172903}, "('0', '2400000000')": {"speedup": 4.843169562064141,