{"v1": {"('0', '2000000000')": {"2": {"speedup": 1.0169966334468028, "eficiencia": 0.5084983167234014}, "3": {"speedup": 1.524645003038467, "eficiencia": 0.5082150010128224}, "4": {"speedup": 2.030878012466982, "eficiencia": 0.5077195031167455}, "5": {"speedup": 2.5189193653446837, "eficiencia": 0.5037838730689368}, "6": {"speedup": 2.943999903590394, "eficiencia": 0.490666650598399}}, "('0', '3000000000')": {"2": {"speedup": 1.0272612918166677, "eficiencia": 0.5136306459083338}, "3": {"speedup": 1.540579327787346, "eficiencia": 0.5135264425957821}, "4": {"speedup": 2.0518903629952345, "eficiencia": 0.5129725907488086}, "5": {"speedup": 2.5285145988724205, "eficiencia": 0.5057029197744841}, "6": {"speedup": 2.957247838364335, "eficiencia": 0.49287463972738915}}, "('0', '4000000000')": {"2": {"speedup": 1.035155736124931, "eficiencia": 0.5175778680624655}, "3": {"speedup": 1.5523591613885708, "eficiencia": 0.5174530537961902}, "4": {"speedup": 2.069325263432683, "eficiencia": 0.5173313158581707}, "5": {"speedup": 2.5369695772720444, "eficiencia": 0.5073939154544089}, "6": {"speedup": 2.9732877066931303, "eficiencia": 0.4955479511155217}}, "('0', '5000000000')": {"2": {"speedup": 1.0350849405166966, "eficiencia": 0.5175424702583483}, "3": {"speedup": 1.5522841708798698, "eficiencia": 0.5174280569599566}, "4": {"speedup": 2.0668291909734484, "eficiencia": 0.5167072977433621}, "5": {"speedup": 2.5385394720524537, "eficiencia": 0.5077078944104907}, "6": {"speedup": 2.972788055791459, "eficiencia": 0.4954646759652432}}, "('0', '6000000000')": {"2": {"speedup": 1.0337097611468233, "eficiencia": 0.5168548805734117}, "3": {"speedup": 1.5524694441418831, "eficiencia": 0.517489814713961}, "4": {"speedup": 2.0682451337724035, "eficiencia": 0.5170612834431009}, "5": {"speedup": 2.5401253672858464, "eficiencia": 0.5080250734571693}, "6": {"speedup": 2.9756304753518714, "eficiencia": 0.49593841255864524}}, "('0', '7000000000')": {"2": {"speedup": 1.0349119004096468, "eficiencia": 0.5174559502048234}, "3": {"speedup": 1.5520993713535112, "eficiencia": 0.517366457117837}, "4": {"speedup": 2.069170374828995, "eficiencia": 0.5172925937072488}, "5": {"speedup": 2.538574896758033, "eficiencia": 0.5077149793516066}, "6": {"speedup": 2.974663822172058, "eficiencia": 0.495777303695343}}, "('0', '8000000000')": {"2": {"speedup": 1.0350068694296852, "eficiencia": 0.5175034347148426}, "3": {"speedup": 1.5505077186389624, "eficiencia": 0.5168359062129875}, "4": {"speedup": 2.0694931788968303, "eficiencia": 0.5173732947242076}, "5": {"speedup": 2.535098264249508, "eficiencia": 0.5070196528499016}, "6": {"speedup": 2.980798500711446, "eficiencia": 0.49679975011857436}}, "('0', '9000000000')": {"2": {"speedup": 1.0349158647614687, "eficiencia": 0.5174579323807343}, "3": {"speedup": 1.5520760917289291, "eficiencia": 0.5173586972429763}, "4": {"speedup": 2.069279139281221, "eficiencia": 0.5173197848203053}, "5": {"speedup": 2.5330837741131003, "eficiencia": 0.50661675482262}, "6": {"speedup": 2.9788754898414775, "eficiencia": 0.4964792483069129}}, "('0', '10000000000')": {"2": {"speedup": 1.035090723034163, "eficiencia": 0.5175453615170815}, "3": {"speedup": 1.550513372375256, "eficiencia": 0.516837790791752}, "4": {"speedup": 2.0698417154233137, "eficiencia": 0.5174604288558284}, "5": {"speedup": 2.5493563471659417, "eficiencia": 0.5098712694331884}, "6": {"speedup": 2.981562568830451, "eficiencia": 0.4969270948050752}}, "('0', '20000000000')": {"2": {"speedup": 1.0348189560304664, "eficiencia": 0.5174094780152332}, "3": {"speedup": 1.5522236358131685, "eficiencia": 0.5174078786043895}, "4": {"speedup": 2.069010749244545, "eficiencia": 0.5172526873111363}, "5": {"speedup": 2.5288362341225885, "eficiencia": 0.5057672468245177}, "6": {"speedup": 2.9810450411585543, "eficiencia": 0.4968408401930924}}}, "v2": {"2": {"('0', '2000000000')": {"speedup": 1.0169966334468028, "eficiencia": 0.5084983167234014}, "('0', '3000000000')": {"speedup": 1.0272612918166677, "eficiencia": 0.5136306459083338}, "('0', '4000000000')": {"speedup": 1.035155736124931, "eficiencia": 0.5175778680624655}, "('0', '5000000000')": {"speedup": 1.0350849405166966, "eficiencia": 0.5175424702583483}, "('0', '6000000000')": {"speedup": 1.0337097611468233, "eficiencia": 0.5168548805734117}, "('0', '7000000000')": {"speedup": 1.0349119004096468, "eficiencia": 0.5174559502048234}, "('0', '8000000000')": {"speedup": 1.0350068694296852, "eficiencia": 0.5175034347148426}, "('0', '9000000000')": {"speedup": 1.0349158647614687, "eficiencia": 0.5174579323807343}, "('0', '10000000000')": {"speedup": 1.035090723034163, "eficiencia": 0.5175453615170815}, "('0', '20000000000')": {"speedup": 1.0348189560304664, "eficiencia": 0.5174094780152332}}, "3": {"('0', '2000000000')": {"speedup": 1.524645003038467, "eficiencia": 0.5082150010128224}, "('0', '3000000000')": {"speedup": 1.540579327787346, "eficiencia": 0.5135264425957821}, "('0', '4000000000')": {"speedup": 1.5523591613885708, "eficiencia": 0.5174530537961902}, "('0', '5000000000')": {"speedup": 1.5522841708798698, "eficiencia": 0.5174280569599566}, "('0', '6000000000')": {"speedup": 1.5524694441418831, "eficiencia": 0.517489814713961}, "('0', '7000000000')": {"speedup": 1.5520993713535112, "eficiencia": 0.517366457117837}, "('0', '8000000000')": {"speedup": 1.5505077186389624, "eficiencia": 0.5168359062129875}, "('0', '9000000000')": {"speedup": 1.5520760917289291, "eficiencia": 0.5173586972429763}, "('0', '10000000000')": {"speedup": 1.550513372375256, "eficiencia": 0.516837790791752}, "('0', '20000000000')": {"speedup": 1.5522236358131685, "eficiencia": 0.5174078786043895}}, "4": {"('0', '2000000000')": {"speedup": 2.030878012466982, "eficiencia": 0.5077195031167455}, "('0', '3000000000')": {"speedup": 2.0518903629952345, "eficiencia": 0.5129725907488086}, "('0', '4000000000')": {"speedup": 2.069325263432683, "eficiencia": 0.5173313158581707}, "('0', '5000000000')": {"speedup": 2.0668291909734484, "eficiencia": 0.5167072977433621}, "('0', '6000000000')": {"speedup": 2.0682451337724035, "eficiencia": 0.5170612834431009}, "('0', '7000000000')": {"speedup": 2.069170374828995, "eficiencia": 0.5172925937072488}, "('0', '8000000000')": {"speedup": 2.0694931788968303, "eficiencia": 0.5173732947242076}, "('0', '9000000000')": {"speedup": 2.069279139281221, "eficiencia": 0.5173197848203053}, "('0', '10000000000')": {"speedup": 2.0698417154233137, "eficiencia": 0.5174604288558284}, "('0', '20000000000')": {"speedup": 2.069010749244545, "eficiencia": 0.5172526873111363}}, "5": {"('0', '2000000000')": {"speedup": 2.5189193653446837, "eficiencia": 0.5037838730689368}, "('0', '3000000000')": {"speedup": 2.5285145988724205, "eficiencia": 0.5057029197744841}, "('0', '4000000000')": {"speedup": 2.5369695772720444, "eficiencia": 0.5073939154544089}, "('0', '5000000000')": {"speedup": 2.5385394720524537, "eficiencia": 0.5077078944104907}, "('0', '6000000000')": {"speedup": 2.5401253672858464, "eficiencia": 0.5080250734571693}, "('0', '7000000000')": {"speedup": 2.538574896758033, "eficiencia": 0.5077149793516066}, "('0', '8000000000')": {"speedup": 2.535098264249508, "eficiencia": 0.5070196528499016}, "('0', '9000000000')": {"speedup": 2.5330837741131003, "eficiencia": 0.50661675482262}, "('0', '10000000000')": {"speedup": 2.5493563471659417, "eficiencia": 0.5098712694331884}, "('0', '20000000000')": {"speedup": 2.5288362341225885, "eficiencia": 0.5057672468245177}}, "6": {"('0', '2000000000')": {"speedup": 2.943999903590394, "eficiencia": 0.490666650598399}, "('0', '3000000000')": {"speedup": 2.957247838364335, "eficiencia": 0.49287463972738915}, "('0', '4000000000')": {"speedup": 2.9732877066931303, "eficiencia": 0.4955479511155217}, "('0', '5000000000')": {"speedup": 2.972788055791459, "eficiencia": 0.4954646759652432}, "('0', '6000000000')": {"speedup": 2.9756304753518714, "eficiencia": 0.49593841255864524}, "('0', '7000000000')": {"speedup": 2.974663822172058,