{"v1": {"('0', '2000000000')": {"2": {"speedup": 1.017688853923726, "eficiencia": 0.508844426961863}, "3": {"speedup": 1.5246444414730902, "eficiencia": 0.5082148138243634}, "4": {"speedup": 1.9743685598298484, "eficiencia": 0.4935921399574621}, "5": {"speedup": 2.5198613938506385, "eficiencia": 0.5039722787701277}, "6": {"speedup": 2.865075351852158, "eficiencia": 0.47751255864202635}}, "('0', '3000000000')": {"2": {"speedup": 1.0699240165896613, "eficiencia": 0.5349620082948306}, "3": {"speedup": 1.6045890548419333, "eficiencia": 0.5348630182806444}, "4": {"speedup": 2.1355746359247636, "eficiencia": 0.5338936589811909}, "5": {"speedup": 2.5466057886028706, "eficiencia": 0.5093211577205741}, "6": {"speedup": 3.0785239679330347, "eficiencia": 0.5130873279888392}}, "('0', '4000000000')": {"2": {"speedup": 1.0352272508228095, "eficiencia": 0.5176136254114048}, "3": {"speedup": 1.552704769747263, "eficiencia": 0.517568256582421}, "4": {"speedup": 2.0687425385620424, "eficiencia": 0.5171856346405106}, "5": {"speedup": 2.5321615678895046, "eficiencia": 0.506432313577901}, "6": {"speedup": 2.9755354640135834, "eficiencia": 0.49592257733559725}}, "('0', '5000000000')": {"2": {"speedup": 1.0794019881196075, "eficiencia": 0.5397009940598038}, "3": {"speedup": 1.618846378390095, "eficiencia": 0.539615459463365}, "4": {"speedup": 2.1562020862848437, "eficiencia": 0.5390505215712109}, "5": {"speedup": 2.6492302377024406, "eficiencia": 0.5298460475404881}, "6": {"speedup": 3.070026635046218, "eficiencia": 0.5116711058410364}}, "('0', '6000000000')": {"2": {"speedup": 1.033503089315927, "eficiencia": 0.5167515446579635}, "3": {"speedup": 1.552666711850925, "eficiencia": 0.517555570616975}, "4": {"speedup": 1.9982842207503688, "eficiencia": 0.4995710551875922}, "5": {"speedup": 2.5265658513983515, "eficiencia": 0.5053131702796703}, "6": {"speedup": 2.8799787420919136, "eficiencia": 0.47999645701531896}}, "('0', '7000000000')": {"2": {"speedup": 1.0344167618681621, "eficiencia": 0.5172083809340811}, "3": {"speedup": 1.5520657498357309, "eficiencia": 0.5173552499452436}, "4": {"speedup": 2.0682605774558227, "eficiencia": 0.5170651443639557}, "5": {"speedup": 2.5397048972615477, "eficiencia": 0.5079409794523095}, "6": {"speedup": 2.9746705325225347, "eficiencia": 0.4957784220870891}}, "('0', '8000000000')": {"2": {"speedup": 1.0354092301597677, "eficiencia": 0.5177046150798839}, "3": {"speedup": 1.5505619880318458, "eficiencia": 0.5168539960106152}, "4": {"speedup": 2.0702721025248505, "eficiencia": 0.5175680256312126}, "5": {"speedup": 2.536816941414516, "eficiencia": 0.5073633882829032}, "6": {"speedup": 2.979733759975928, "eficiencia": 0.49662229332932134}}, "('0', '9000000000')": {"2": {"speedup": 1.0350974099089802, "eficiencia": 0.5175487049544901}, "3": {"speedup": 1.5509534237822422, "eficiencia": 0.5169844745940807}, "4": {"speedup": 2.010623758136813, "eficiencia": 0.5026559395342033}, "5": {"speedup": 2.4515500438526305, "eficiencia": 0.4903100087705261}, "6": {"speedup": 2.9777062272098416, "eficiencia": 0.49628437120164026}}, "('0', '10000000000')": {"2": {"speedup": 1.0354722458833892, "eficiencia": 0.5177361229416946}, "3": {"speedup": 1.5504151022528772, "eficiencia": 0.5168050340842923}, "4": {"speedup": 2.068592840384832, "eficiencia": 0.517148210096208}, "5": {"speedup": 2.5342297931534916, "eficiencia": 0.5068459586306984}, "6": {"speedup": 2.9645623680669844, "eficiencia": 0.4940937280111641}}, "('0', '20000000000')": {"2": {"speedup": 1.0355764298882035, "eficiencia": 0.5177882149441018}, "3": {"speedup": 1.5532197543829156, "eficiencia": 0.5177399181276385}, "4": {"speedup": 2.069459558203342, "eficiencia": 0.5173648895508355}, "5": {"speedup": 2.5193879574933824, "eficiencia": 0.5038775914986765}, "6": {"speedup": 2.9015737698193713, "eficiencia": 0.48359562830322855}}}, "v2": {"2": {"('0', '2000000000')": {"speedup": 1.017688853923726, "eficiencia": 0.508844426961863}, "('0', '3000000000')": {"speedup": 1.0699240165896613, "eficiencia": 0.5349620082948306}, "('0', '4000000000')": {"speedup": 1.0352272508228095, "eficiencia": 0.5176136254114048}, "('0', '5000000000')": {"speedup": 1.0794019881196075, "eficiencia": 0.5397009940598038}, "('0', '6000000000')": {"speedup": 1.033503089315927, "eficiencia": 0.5167515446579635}, "('0', '7000000000')": {"speedup": 1.0344167618681621, "eficiencia": 0.5172083809340811}, "('0', '8000000000')": {"speedup": 1.0354092301597677, "eficiencia": 0.5177046150798839}, "('0', '9000000000')": {"speedup": 1.0350974099089802, "eficiencia": 0.5175487049544901}, "('0', '10000000000')": {"speedup": 1.0354722458833892, "eficiencia": 0.5177361229416946}, "('0', '20000000000')": {"speedup": 1.0355764298882035, "eficiencia": 0.5177882149441018}}, "3": {"('0', '2000000000')": {"speedup": 1.5246444414730902, "eficiencia": 0.5082148138243634}, "('0', '3000000000')": {"speedup": 1.6045890548419333, "eficiencia": 0.5348630182806444}, "('0', '4000000000')": {"speedup": 1.552704769747263, "eficiencia": 0.517568256582421}, "('0', '5000000000')": {"speedup": 1.618846378390095, "eficiencia": 0.539615459463365}, "('0', '6000000000')": {"speedup": 1.552666711850925, "eficiencia": 0.517555570616975}, "('0', '7000000000')": {"speedup": 1.5520657498357309, "eficiencia": 0.5173552499452436}, "('0', '8000000000')": {"speedup": 1.5505619880318458, "eficiencia": 0.5168539960106152}, "('0', '9000000000')": {"speedup": 1.5509534237822422, "eficiencia": 0.5169844745940807}, "('0', '10000000000')": {"speedup": 1.5504151022528772, "eficiencia": 0.5168050340842923}, "('0', '20000000000')": {"speedup": 1.5532197543829156, "eficiencia": 0.5177399181276385}}, "4": {"('0', '2000000000')": {"speedup": 1.9743685598298484, "eficiencia": 0.4935921399574621}, "('0', '3000000000')": {"speedup": 2.1355746359247636, "eficiencia": 0.5338936589811909}, "('0', '4000000000')": {"speedup": 2.0687425385620424, "eficiencia": 0.5171856346405106}, "('0', '5000000000')": {"speedup": 2.1562020862848437, "eficiencia": 0.5390505215712109}, "('0', '6000000000')": {"speedup": 1.9982842207503688, "eficiencia": 0.4995710551875922}, "('0', '7000000000')": {"speedup": 2.0682605774558227, "eficiencia": 0.5170651443639557}, "('0', '8000000000')": {"speedup": 2.0702721025248505, "eficiencia": 0.5175680256312126}, "('0', '9000000000')": {"speedup": 2.010623758136813, "eficiencia": 0.5026559395342033}, "('0', '10000000000')": {"speedup": 2.068592840384832, "eficiencia": 0.517148210096208}, "('0', '20000000000')": {"speedup": 2.069459558203342, "eficiencia": 0.5173648895508355}}, "5": {"('0', '2000000000')": {"speedup": 2.5198613938506385, "eficiencia": 0.5039722787701277}, "('0', '3000000000')": {"speedup": 2.5466057886028706, "eficiencia": 0.5093211577205741}, "('0', '4000000000')": {"speedup": 2.5321615678895046, "eficiencia": 0.506432313577901}, "('0', '5000000000')": {"speedup": 2.6492302377024406, "eficiencia": 0.5298460475404881}, "('0', '6000000000')": {"speedup": 2.5265658513983515, "eficiencia": 0.5053131702796703}, "('0', '7000000000')": {"speedup": 2.5397048972615477, "eficiencia": 0.5079409794523095}, "('0', '8000000000')": {"speedup": 2.536816941414516, "eficiencia": 0.5073633882829032}, "('0', '9000000000')": {"speedup": 2.4515500438526305, "eficiencia": 0.4903100087705261}, "('0', '10000000000')": {"speedup": 2.5342297931534916, "eficiencia": 0.5068459586306984}, "('0', '20000000000')": {"speedup": 2.5193879574933824, "eficiencia": 0.5038775914986765}}, "6": {"('0', '2000000000')": {"speedup": 2.865075351852158, "eficiencia": 0.47751255864202635}, "('0', '3000000000')": {"speedup": 3.0785239679330347, "eficiencia": 0.5130873279888392}, "('0', '4000000000')": {"speedup": 2.9755354640135834, "eficiencia": 0.49592257733559725}, "('0', '5000000000')": {"speedup": 3.070026635046218, "eficiencia": 0.5116711058410364}, "('0', '6000000000')": {"speedup": 2.8799787420919136, "eficiencia": 0.47999645701531896}, "('0', '7000000000')": {"speedup": 2.9746705325225347,