{"v1": {"('0', '126000', '0')": {"2": {"speedup": 4.069684577058058, "eficiencia": 2.034842288529029}, "3": {"speedup": 9.330853717861828, "eficiencia": 3.110284572620609}, "4": {"speedup": 16.64480165973174, "eficiencia": 4.161200414932935}, "6": {"speedup": 34.01783041220398, "eficiencia": 5.669638402033996}, "8": {"speedup": 43.19846007057079, "eficiencia": 5.399807508821349}, "12": {"speedup": 96.71303285220763, "eficiencia": 8.059419404350637}}, "('0', '131400', '0')": {"2": {"speedup": 4.095358529518038, "eficiencia": 2.047679264759019}, "3": {"speedup": 9.316640236932056, "eficiencia": 3.1055467456440184}, "4": {"speedup": 16.60346890285367, "eficiencia": 4.150867225713418}, "6": {"speedup": 33.789961320477666, "eficiencia": 5.631660220079611}, "8": {"speedup": 43.034383088364514, "eficiencia": 5.379297886045564}, "12": {"speedup": 96.71013473624205, "eficiencia": 8.059177894686838}}, "('0', '136800', '0')": {"2": {"speedup": 4.10165758887716, "eficiencia": 2.05082879443858}, "3": {"speedup": 9.333088855126977, "eficiencia": 3.111029618375659}, "4": {"speedup": 16.71049861080576, "eficiencia": 4.17762465270144}, "6": {"speedup": 35.037402966602016, "eficiencia": 5.839567161100336}, "8": {"speedup": 43.1324978506189, "eficiencia": 5.391562231327362}, "12": {"speedup": 96.70698913279071, "eficiencia": 8.058915761065892}}, "('0', '142200', '0')": {"2": {"speedup": 4.103105163296484, "eficiencia": 2.051552581648242}, "3": {"speedup": 9.32128974442056, "eficiencia": 3.10709658147352}, "4": {"speedup": 16.770971797700845, "eficiencia": 4.192742949425211}, "6": {"speedup": 35.077661726919, "eficiencia": 5.846276954486499}, "8": {"speedup": 43.24492144576636, "eficiencia": 5.405615180720795}, "12": {"speedup": 96.39687500252002, "eficiencia": 8.033072916876668}}, "('0', '147600', '0')": {"2": {"speedup": 4.10127397205736, "eficiencia": 2.05063698602868}, "3": {"speedup": 9.302091036488058, "eficiencia": 3.100697012162686}, "4": {"speedup": 16.692666221750617, "eficiencia": 4.173166555437654}, "6": {"speedup": 35.206780833045435, "eficiencia": 5.867796805507573}, "8": {"speedup": 43.20046967943486, "eficiencia": 5.4000587099293575}, "12": {"speedup": 96.98389851120142, "eficiencia": 8.081991542600118}}, "('0', '153000', '0')": {"2": {"speedup": 4.08767607327616, "eficiencia": 2.04383803663808}, "3": {"speedup": 9.27726412349628, "eficiencia": 3.0924213744987603}, "4": {"speedup": 16.662831228517856, "eficiencia": 4.165707807129464}, "6": {"speedup": 34.606375563736705, "eficiencia": 5.767729260622784}, "8": {"speedup": 43.19210605809649, "eficiencia": 5.3990132572620615}, "12": {"speedup": 97.0839426008004, "eficiencia": 8.0903285500667}}, "('0', '158400', '0')": {"2": {"speedup": 4.09768866952565, "eficiencia": 2.048844334762825}, "3": {"speedup": 9.28527667906, "eficiencia": 3.0950922263533336}, "4": {"speedup": 16.621328021284757, "eficiencia": 4.155332005321189}, "6": {"speedup": 34.69544430307757, "eficiencia": 5.782574050512928}, "8": {"speedup": 43.19893294408277, "eficiencia": 5.399866618010346}, "12": {"speedup": 97.12917757802178, "eficiencia": 8.094098131501815}}, "('0', '163800', '0')": {"2": {"speedup": 4.0925515062029, "eficiencia": 2.04627575310145}, "3": {"speedup": 9.277554177613283, "eficiencia": 3.0925180592044277}, "4": {"speedup": 16.72335978697245, "eficiencia": 4.180839946743112}, "6": {"speedup": 35.89639621491748, "eficiencia": 5.9827327024862464}, "8": {"speedup": 43.26921417011406, "eficiencia": 5.408651771264258}, "12": {"speedup": 97.2776590225291, "eficiencia": 8.106471585210757}}, "('0', '169200', '0')": {"2": {"speedup": 4.083459058067404, "eficiencia": 2.041729529033702}, "3": {"speedup": 9.259011414595129, "eficiencia": 3.086337138198376}, "4": {"speedup": 16.17671223356006, "eficiencia": 4.044178058390015}, "6": {"speedup": 35.54150110737565, "eficiencia": 5.923583517895942}, "8": {"speedup": 43.32414455465558, "eficiencia": 5.415518069331948}, "12": {"speedup": 96.98880024510423, "eficiencia": 8.082400020425352}}, "('0', '174600', '0')": {"2": {"speedup": 4.084068789707007, "eficiencia": 2.0420343948535034}, "3": {"speedup": 9.25715906724073, "eficiencia": 3.085719689080243}, "4": {"speedup": 16.67921825047538, "eficiencia": 4.169804562618845}, "6": {"speedup": 34.49946046330845, "eficiencia": 5.749910077218075}, "8": {"speedup": 43.11466599344652, "eficiencia": 5.389333249180815}, "12": {"speedup": 97.14887200369891, "eficiencia": 8.095739333641577}}, "('0', '180000', '0')": {"2": {"speedup": 4.0793314572183865, "eficiencia": 2.0396657286091933}, "3": {"speedup": 8.815146783629741, "eficiencia": 2.9383822612099135}, "4": {"speedup": 16.65226668040191, "eficiencia": 4.163066670100478}, "6": {"speedup": 35.340865436954196, "eficiencia": 5.890144239492366}, "8": {"speedup": 42.447742422733334, "eficiencia": 5.305967802841667}, "12": {"speedup": 97.30203344370926, "eficiencia": 8.108502786975771}}}, "v2": {"2": {"('0', '126000', '0')": {"speedup": 4.069684577058058, "eficiencia": 2.034842288529029}, "('0', '131400', '0')": {"speedup": 4.095358529518038, "eficiencia": 2.047679264759019}, "('0', '136800', '0')": {"speedup": 4.10165758887716, "eficiencia": 2.05082879443858}, "('0', '142200', '0')": {"speedup": 4.103105163296484, "eficiencia": 2.051552581648242}, "('0', '147600', '0')": {"speedup": 4.10127397205736, "eficiencia": 2.05063698602868}, "('0', '153000', '0')": {"speedup": 4.08767607327616, "eficiencia": 2.04383803663808}, "('0', '158400', '0')": {"speedup": 4.09768866952565, "eficiencia": 2.048844334762825}, "('0', '163800', '0')": {"speedup": 4.0925515062029, "eficiencia": 2.04627575310145}, "('0', '169200', '0')": {"speedup": 4.083459058067404, "eficiencia": 2.041729529033702}, "('0', '174600', '0')": {"speedup": 4.084068789707007, "eficiencia": 2.0420343948535034}, "('0', '180000', '0')": {"speedup": 4.0793314572183865, "eficiencia": 2.0396657286091933}}, "3": {"('0', '126000', '0')": {"speedup": 9.330853717861828, "eficiencia": 3.110284572620609}, "('0', '131400', '0')": {"speedup": 9.316640236932056, "eficiencia": 3.1055467456440184}, "('0', '136800', '0')": {"speedup": 9.333088855126977, "eficiencia": 3.111029618375659}, "('0', '142200', '0')": {"speedup": 9.32128974442056, "eficiencia": 3.10709658147352}, "('0', '147600', '0')": {"speedup": 9.302091036488058, "eficiencia": 3.100697012162686}, "('0', '153000', '0')": {"speedup": 9.27726412349628, "eficiencia": 3.0924213744987603}, "('0', '158400', '0')": {"speedup": 9.28527667906, "eficiencia": 3.0950922263533336}, "('0', '163800', '0')": {"speedup": 9.277554177613283, "eficiencia": 3.0925180592044277}, "('0', '169200', '0')": {"speedup": 9.259011414595129, "eficiencia": 3.086337138198376}, "('0', '174600', '0')": {"speedup": 9.25715906724073, "eficiencia": 3.085719689080243}, "('0', '180000', '0')": {"speedup": 8.815146783629741, "eficiencia": 2.9383822612099135}}, "4": {"('0', '126000', '0')": {"speedup": 16.64480165973174, "eficiencia": 4.161200414932935}, "('0', '131400', '0')": {"speedup": 16.60346890285367, "eficiencia": 4.150867225713418}, "('0', '136800', '0')": {"speedup": 16.71049861080576, "eficiencia": 4.17762465270144}, "('0', '142200', '0')": {"speedup": 16.770971797700845, "eficiencia": 4.192742949425211}, "('0', '147600', '0')": {"speedup": 16.692666221750617, "eficiencia": 4.173166555437654}, "('0', '153000', '0')": {"speedup": 16.662831228517856, "eficiencia": 4.165707807129464}, "('0', '158400', '0')": {"speedup": 16.621328021284757, "eficiencia": 4.155332005321189}, "('0', '163800', '0')": {"speedup": 16.72335978697245, "eficiencia": 4.180839946743112}, "('0', '169200', '0')": {"speedup": 16.17671223356006, "eficiencia": 4.044178058390015}, "('0', '174600', '0')": {"speedup": 16.67921825047538, "eficiencia": 4.169804562618845}, "('0', '180000', '0')": {"speedup": 16.65226668040191, "eficiencia": 4.163066670100478}}, "6": {"('0', '126000', '0')": {"speedup": 34.01783041220398, "eficiencia": 5.669638402033996},