{"('0', '240', '0')": {"2": {"mean_time": 6.5133e-05, "times": [{"time": 6.5133e-05}]}, "3": {"mean_time": 6.7257e-05, "times": [{"time": 6.7257e-05}]}, "4": {"mean_time": 0.000153329, "times": [{"time": 0.000153329}]}, "6": {"mean_time": 0.000109296, "times": [{"time": 0.000109296}]}, "8": {"mean_time": 0.000189478, "times": [{"time": 0.000189478}]}, "12": {"mean_time": 0.000254029, "times": [{"time": 0.000254029}]}}, "('0', '480', '0')": {"2": {"mean_time": 0.000425122, "times": [{"time": 0.000425122}]}, "3": {"mean_time": 0.000186662, "times": [{"time": 0.000186662}]}, "4": {"mean_time": 0.000186262, "times": [{"time": 0.000186262}]}, "6": {"mean_time": 0.000272935, "times": [{"time": 0.000272935}]}, "8": {"mean_time": 0.000357044, "times": [{"time": 0.000357044}]}, "12": {"mean_time": 0.000306479, "times": [{"time": 0.000306479}]}}, "('0', '720', '0')": {"2": {"mean_time": 0.000837932, "times": [{"time": 0.000837932}]}, "3": {"mean_time": 0.000422267, "times": [{"time": 0.000422267}]}, "4": {"mean_time": 0.000314554, "times": [{"time": 0.000314554}]}, "6": {"mean_time": 0.000298414, "times": [{"time": 0.000298414}]}, "8": {"mean_time": 0.000341695, "times": [{"time": 0.000341695}]}, "12": {"mean_time": 0.004253402, "times": [{"time": 0.004253402}]}}}