{"('0', '240', '0')": {"2": {"mean_time": 0.000321617, "times": [{"time": 0.000321617}]}, "3": {"mean_time": 0.000341715, "times": [{"time": 0.000341715}]}, "4": {"mean_time": 0.000416997, "times": [{"time": 0.000416997}]}, "6": {"mean_time": 0.000395668, "times": [{"time": 0.000395668}]}, "8": {"mean_time": 0.00041874, "times": [{"time": 0.00041874}]}, "12": {"mean_time": 0.000430343, "times": [{"time": 0.000430343}]}}, "('0', '480', '0')": {"2": {"mean_time": 0.001199576, "times": [{"time": 0.001199576}]}, "3": {"mean_time": 0.001283494, "times": [{"time": 0.001283494}]}, "4": {"mean_time": 0.001146706, "times": [{"time": 0.001146706}]}, "6": {"mean_time": 0.000877146, "times": [{"time": 0.000877146}]}, "8": {"mean_time": 0.001051435, "times": [{"time": 0.001051435}]}, "12": {"mean_time": 0.011266826, "times": [{"time": 0.011266826}]}}, "('0', '720', '0')": {"2": {"mean_time": 0.002488289, "times": [{"time": 0.002488289}]}, "3": {"mean_time": 0.003503366, "times": [{"time": 0.003503366}]}, "4": {"mean_time": 0.002506713, "times": [{"time": 0.002506713}]}, "6": {"mean_time": 0.002619697, "times": [{"time": 0.002619697}]}, "8": {"mean_time": 0.001868698, "times": [{"time": 0.001868698}]}, "12": {"mean_time": 0.000865324, "times": [{"time": 0.000865324}]}}}