{"('0', '240', '0')": {"2": {"mean_time": 0.00012151, "times": [{"time": 0.00012151}]}, "3": {"mean_time": 0.00012695, "times": [{"time": 0.00012695}]}, "4": {"mean_time": 9.9588e-05, "times": [{"time": 9.9588e-05}]}, "6": {"mean_time": 0.000196481, "times": [{"time": 0.000196481}]}, "8": {"mean_time": 0.000149101, "times": [{"time": 0.000149101}]}, "12": {"mean_time": 0.000305457, "times": [{"time": 0.000305457}]}}, "('0', '480', '0')": {"2": {"mean_time": 0.000191852, "times": [{"time": 0.000191852}]}, "3": {"mean_time": 0.000315566, "times": [{"time": 0.000315566}]}, "4": {"mean_time": 0.000203995, "times": [{"time": 0.000203995}]}, "6": {"mean_time": 0.000262485, "times": [{"time": 0.000262485}]}, "8": {"mean_time": 0.000286791, "times": [{"time": 0.000286791}]}, "12": {"mean_time": 0.008070158, "times": [{"time": 0.008070158}]}}, "('0', '720', '0')": {"2": {"mean_time": 0.000729607, "times": [{"time": 0.000729607}]}, "3": {"mean_time": 0.000494113, "times": [{"time": 0.000494113}]}, "4": {"mean_time": 0.000304515, "times": [{"time": 0.000304515}]}, "6": {"mean_time": 0.000308933, "times": [{"time": 0.000308933}]}, "8": {"mean_time": 0.000279328, "times": [{"time": 0.000279328}]}, "12": {"mean_time": 0.006835248, "times": [{"time": 0.006835248}]}}}