{"('0', '240', '0')": {"mean_time": 0.000305, "times": [{"time": 0.000305}]}, "('0', '480', '0')": {"mean_time": 0.001383, "times": [{"time": 0.001383}]}, "('0', '720', '0')": {"mean_time": 0.001885, "times": [{"time": 0.001885}]}}