{"v1": {"('0', '100', '2000000000')": {"2": {"speedup": 1.9760790417244758, "eficiencia": 0.9880395208622379}, "3": {"speedup": 2.9648252946831883, "eficiencia": 0.9882750982277294}, "4": {"speedup": 3.9496661503178903, "eficiencia": 0.9874165375794726}, "6": {"speedup": 5.626647505818611, "eficiencia": 0.9377745843031019}, "8": {"speedup": 5.225229262857028, "eficiencia": 0.6531536578571285}, "12": {"speedup": 7.666577081988073, "eficiencia": 0.6388814234990061}}, "('0', '100', '2200000000')": {"2": {"speedup": 1.9867374842551124, "eficiencia": 0.9933687421275562}, "3": {"speedup": 2.973495897261913, "eficiencia": 0.9911652990873043}, "4": {"speedup": 3.9656197713730164, "eficiencia": 0.9914049428432541}, "6": {"speedup": 5.667994855991663, "eficiencia": 0.9446658093319438}, "8": {"speedup": 5.2375155941069, "eficiencia": 0.6546894492633625}, "12": {"speedup": 7.6859489941659165, "eficiencia": 0.6404957495138264}}, "('0', '100', '2400000000')": {"2": {"speedup": 1.9808125863252473, "eficiencia": 0.9904062931626236}, "3": {"speedup": 2.9683551879090793, "eficiencia": 0.9894517293030264}, "4": {"speedup": 3.950577023902007, "eficiencia": 0.9876442559755018}, "6": {"speedup": 5.6606916765025606, "eficiencia": 0.9434486127504268}, "8": {"speedup": 5.230846761195917, "eficiencia": 0.6538558451494896}, "12": {"speedup": 7.64982748075343, "eficiencia": 0.6374856233961191}}, "('0', '100', '2600000000')": {"2": {"speedup": 1.9869433281228968, "eficiencia": 0.9934716640614484}, "3": {"speedup": 2.9788751850624413, "eficiencia": 0.9929583950208137}, "4": {"speedup": 3.9577465879955573, "eficiencia": 0.9894366469988893}, "6": {"speedup": 5.678401279574416, "eficiencia": 0.9464002132624026}, "8": {"speedup": 5.222699210145786, "eficiencia": 0.6528374012682232}, "12": {"speedup": 7.644445221866483, "eficiencia": 0.6370371018222069}}, "('0', '100', '2800000000')": {"2": {"speedup": 1.9927506522738092, "eficiencia": 0.9963753261369046}, "3": {"speedup": 2.979654644673118, "eficiencia": 0.9932182148910393}, "4": {"speedup": 3.95454434924278, "eficiencia": 0.988636087310695}, "6": {"speedup": 5.657836670267584, "eficiencia": 0.9429727783779307}, "8": {"speedup": 5.2335623295996765, "eficiencia": 0.6541952911999596}, "12": {"speedup": 7.640258291795816, "eficiencia": 0.6366881909829847}}, "('0', '100', '3000000000')": {"2": {"speedup": 1.9788021713304524, "eficiencia": 0.9894010856652262}, "3": {"speedup": 2.989945229928201, "eficiencia": 0.996648409976067}, "4": {"speedup": 3.9840503637779583, "eficiencia": 0.9960125909444896}, "6": {"speedup": 5.663713974901452, "eficiencia": 0.943952329150242}, "8": {"speedup": 5.25074845741614, "eficiencia": 0.6563435571770175}, "12": {"speedup": 7.662747124044152, "eficiencia": 0.6385622603370127}}, "('0', '100', '3200000000')": {"2": {"speedup": 1.9881231857163115, "eficiencia": 0.9940615928581558}, "3": {"speedup": 2.9957117191947034, "eficiencia": 0.9985705730649012}, "4": {"speedup": 3.991759463393494, "eficiencia": 0.9979398658483735}, "6": {"speedup": 5.700909522761559, "eficiencia": 0.9501515871269265}, "8": {"speedup": 5.271820507032508, "eficiencia": 0.6589775633790635}, "12": {"speedup": 7.63507422105005, "eficiencia": 0.6362561850875041}}, "('0', '100', '3400000000')": {"2": {"speedup": 1.9972167321744196, "eficiencia": 0.9986083660872098}, "3": {"speedup": 2.995413445101255, "eficiencia": 0.9984711483670851}, "4": {"speedup": 3.986817771317109, "eficiencia": 0.9967044428292773}, "6": {"speedup": 5.695628440898818, "eficiencia": 0.9492714068164697}, "8": {"speedup": 5.276075509573007, "eficiencia": 0.6595094386966259}, "12": {"speedup": 7.633894878744183, "eficiencia": 0.6361579065620152}}, "('0', '100', '3600000000')": {"2": {"speedup": 1.9937337974175358, "eficiencia": 0.9968668987087679}, "3": {"speedup": 2.99392390070456, "eficiencia": 0.9979746335681866}, "4": {"speedup": 3.9855553747380927, "eficiencia": 0.9963888436845232}, "6": {"speedup": 5.668037490463439, "eficiencia": 0.9446729150772398}, "8": {"speedup": 5.26565531613371, "eficiencia": 0.6582069145167138}, "12": {"speedup": 7.632097038919012, "eficiencia": 0.6360080865765844}}, "('0', '100', '3800000000')": {"2": {"speedup": 1.9990400326955295, "eficiencia": 0.9995200163477648}, "3": {"speedup": 2.9941483514795024, "eficiencia": 0.9980494504931675}, "4": {"speedup": 3.980671368435251, "eficiencia": 0.9951678421088127}, "6": {"speedup": 5.6766214326333335, "eficiencia": 0.9461035721055556}, "8": {"speedup": 5.273100747683347, "eficiencia": 0.6591375934604183}, "12": {"speedup": 7.628963099710773, "eficiencia": 0.6357469249758977}}, "('0', '100', '4000000000')": {"2": {"speedup": 1.992248398430163, "eficiencia": 0.9961241992150816}, "3": {"speedup": 2.990696731926251, "eficiencia": 0.9968989106420837}, "4": {"speedup": 3.9675819829605343, "eficiencia": 0.9918954957401336}, "6": {"speedup": 5.666555460362277, "eficiencia": 0.9444259100603795}, "8": {"speedup": 5.25984441084684, "eficiencia": 0.657480551355855}, "12": {"speedup": 7.605449109767347, "eficiencia": 0.6337874258139456}}}, "v2": {"2": {"('0', '100', '2000000000')": {"speedup": 1.9760790417244758, "eficiencia": 0.9880395208622379}, "('0', '100', '2200000000')": {"speedup": 1.9867374842551124, "eficiencia": 0.9933687421275562}, "('0', '100', '2400000000')": {"speedup": 1.9808125863252473, "eficiencia": 0.9904062931626236}, "('0', '100', '2600000000')": {"speedup": 1.9869433281228968, "eficiencia": 0.9934716640614484}, "('0', '100', '2800000000')": {"speedup": 1.9927506522738092, "eficiencia": 0.9963753261369046}, "('0', '100', '3000000000')": {"speedup": 1.9788021713304524, "eficiencia": 0.9894010856652262}, "('0', '100', '3200000000')": {"speedup": 1.9881231857163115, "eficiencia": 0.9940615928581558}, "('0', '100', '3400000000')": {"speedup": 1.9972167321744196, "eficiencia": 0.9986083660872098}, "('0', '100', '3600000000')": {"speedup": 1.9937337974175358, "eficiencia": 0.9968668987087679}, "('0', '100', '3800000000')": {"speedup": 1.9990400326955295, "eficiencia": 0.9995200163477648}, "('0', '100', '4000000000')": {"speedup": 1.992248398430163, "eficiencia": 0.9961241992150816}}, "3": {"('0', '100', '2000000000')": {"speedup": 2.9648252946831883, "eficiencia": 0.9882750982277294}, "('0', '100', '2200000000')": {"speedup": 2.973495897261913, "eficiencia": 0.9911652990873043}, "('0', '100', '2400000000')": {"speedup": 2.9683551879090793, "eficiencia": 0.9894517293030264}, "('0', '100', '2600000000')": {"speedup": 2.9788751850624413, "eficiencia": 0.9929583950208137}, "('0', '100', '2800000000')": {"speedup": 2.979654644673118, "eficiencia": 0.9932182148910393}, "('0', '100', '3000000000')": {"speedup": 2.989945229928201, "eficiencia": 0.996648409976067}, "('0', '100', '3200000000')": {"speedup": 2.9957117191947034, "eficiencia": 0.9985705730649012}, "('0', '100', '3400000000')": {"speedup": 2.995413445101255, "eficiencia": 0.9984711483670851}, "('0', '100', '3600000000')": {"speedup": 2.99392390070456, "eficiencia": 0.9979746335681866}, "('0', '100', '3800000000')": {"speedup": 2.9941483514795024, "eficiencia": 0.9980494504931675}, "('0', '100', '4000000000')": {"speedup": 2.990696731926251, "eficiencia": 0.9968989106420837}}, "4": {"('0', '100', '2000000000')": {"speedup": 3.9496661503178903, "eficiencia": 0.9874165375794726}, "('0', '100', '2200000000')": {"speedup": 3.9656197713730164, "eficiencia": 0.9914049428432541}, "('0', '100', '2400000000')": {"speedup": 3.950577023902007, "eficiencia": 0.9876442559755018}, "('0', '100', '2600000000')": {"speedup": 3.9577465879955573, "eficiencia": 0.9894366469988893}, "('0', '100', '2800000000')": {"speedup": 3.95454434924278, "eficiencia": 0.988636087310695}, "('0', '100', '3000000000')": {"speedup": 3.9840503637779583, "eficiencia": 0.9960125909444896}, "('0', '100', '3200000000')": {"speedup": 3.991759463393494, "eficiencia": 0.9979398658483735}, "('0', '100', '3400000000')": {"speedup": 3.986817771317109, "eficiencia": 0.9967044428292773},