{"v1": {"('0', '100', '2000000000')": {"2": {"speedup": 1.9674191325953436, "eficiencia": 0.9837095662976718}, "3": {"speedup": 2.9502114603743044, "eficiencia": 0.9834038201247681}, "4": {"speedup": 3.8733163911853863, "eficiencia": 0.9683290977963466}, "6": {"speedup": 5.610636025990178, "eficiencia": 0.9351060043316964}, "8": {"speedup": 5.233963365926653, "eficiencia": 0.6542454207408316}, "12": {"speedup": 7.657342041481424, "eficiencia": 0.6381118367901187}}, "('0', '100', '2200000000')": {"2": {"speedup": 1.9806832166800048, "eficiencia": 0.9903416083400024}, "3": {"speedup": 2.964320286858239, "eficiencia": 0.9881067622860796}, "4": {"speedup": 3.951944479099191, "eficiencia": 0.9879861197747978}, "6": {"speedup": 5.647971342802093, "eficiencia": 0.9413285571336821}, "8": {"speedup": 5.239642549460268, "eficiencia": 0.6549553186825335}, "12": {"speedup": 7.5923341716086465, "eficiencia": 0.6326945143007205}}, "('0', '100', '2400000000')": {"2": {"speedup": 1.973621709132552, "eficiencia": 0.986810854566276}, "3": {"speedup": 2.962844057738898, "eficiencia": 0.9876146859129661}, "4": {"speedup": 3.9361952643225355, "eficiencia": 0.9840488160806339}, "6": {"speedup": 5.642908997327361, "eficiencia": 0.9404848328878935}, "8": {"speedup": 5.245589820483906, "eficiencia": 0.6556987275604883}, "12": {"speedup": 7.629507551643591, "eficiencia": 0.6357922959702992}}, "('0', '100', '2600000000')": {"2": {"speedup": 1.9742914851056754, "eficiencia": 0.9871457425528377}, "3": {"speedup": 2.9685229838194553, "eficiencia": 0.9895076612731518}, "4": {"speedup": 3.9372572990846124, "eficiencia": 0.9843143247711531}, "6": {"speedup": 5.657306852210187, "eficiencia": 0.9428844753683645}, "8": {"speedup": 5.2074689166436725, "eficiencia": 0.6509336145804591}, "12": {"speedup": 7.62853524361752, "eficiencia": 0.63571127030146}}, "('0', '100', '2800000000')": {"2": {"speedup": 2.054548650536417, "eficiencia": 1.0272743252682086}, "3": {"speedup": 3.0873354979764676, "eficiencia": 1.0291118326588224}, "4": {"speedup": 4.09720234943387, "eficiencia": 1.0243005873584674}, "6": {"speedup": 5.818719516307442, "eficiencia": 0.9697865860512404}, "8": {"speedup": 5.445453095554232, "eficiencia": 0.680681636944279}, "12": {"speedup": 7.918622659636294, "eficiencia": 0.6598852216363579}}, "('0', '100', '3000000000')": {"2": {"speedup": 1.9726926312992208, "eficiencia": 0.9863463156496104}, "3": {"speedup": 2.9824901676922533, "eficiencia": 0.9941633892307511}, "4": {"speedup": 3.966048758307759, "eficiencia": 0.9915121895769398}, "6": {"speedup": 5.649419195847262, "eficiencia": 0.9415698659745436}, "8": {"speedup": 5.243381565072866, "eficiencia": 0.6554226956341083}, "12": {"speedup": 7.6264642838324495, "eficiencia": 0.6355386903193708}}, "('0', '100', '3200000000')": {"2": {"speedup": 1.9856116487714903, "eficiencia": 0.9928058243857452}, "3": {"speedup": 2.9925880008312946, "eficiencia": 0.9975293336104315}, "4": {"speedup": 3.9838705785873074, "eficiencia": 0.9959676446468269}, "6": {"speedup": 5.701194593206293, "eficiencia": 0.9501990988677155}, "8": {"speedup": 5.297868969617146, "eficiencia": 0.6622336212021432}, "12": {"speedup": 7.631291216152976, "eficiencia": 0.6359409346794146}}, "('0', '100', '3400000000')": {"2": {"speedup": 1.993307584164721, "eficiencia": 0.9966537920823605}, "3": {"speedup": 2.991464605935505, "eficiencia": 0.9971548686451683}, "4": {"speedup": 3.9863299769819247, "eficiencia": 0.9965824942454812}, "6": {"speedup": 5.67828268495744, "eficiencia": 0.9463804474929067}, "8": {"speedup": 5.3037236408954085, "eficiencia": 0.6629654551119261}, "12": {"speedup": 7.639022599085888, "eficiencia": 0.6365852165904907}}, "('0', '100', '3600000000')": {"2": {"speedup": 1.9896942456518605, "eficiencia": 0.9948471228259302}, "3": {"speedup": 2.9925220541786874, "eficiencia": 0.9975073513928958}, "4": {"speedup": 3.978175932006214, "eficiencia": 0.9945439830015536}, "6": {"speedup": 5.6582016068329075, "eficiencia": 0.943033601138818}, "8": {"speedup": 5.25808008968754, "eficiencia": 0.6572600112109425}, "12": {"speedup": 7.616507386516237, "eficiencia": 0.6347089488763531}}, "('0', '100', '3800000000')": {"2": {"speedup": 1.999433341716875, "eficiencia": 0.9997166708584375}, "3": {"speedup": 2.9933660258358747, "eficiencia": 0.9977886752786249}, "4": {"speedup": 3.9783223013365596, "eficiencia": 0.9945805753341399}, "6": {"speedup": 5.665461722809473, "eficiencia": 0.9442436204682455}, "8": {"speedup": 5.298984898173065, "eficiencia": 0.6623731122716331}, "12": {"speedup": 7.630856638233451, "eficiencia": 0.6359047198527875}}, "('0', '100', '4000000000')": {"2": {"speedup": 1.9885486325580481, "eficiencia": 0.9942743162790241}, "3": {"speedup": 2.989822306568285, "eficiencia": 0.9966074355227618}, "4": {"speedup": 3.9639925084692487, "eficiencia": 0.9909981271173122}, "6": {"speedup": 5.6631741697000475, "eficiencia": 0.9438623616166746}, "8": {"speedup": 5.264742378967891, "eficiencia": 0.6580927973709864}, "12": {"speedup": 7.60406458898591, "eficiencia": 0.6336720490821591}}}, "v2": {"2": {"('0', '100', '2000000000')": {"speedup": 1.9674191325953436, "eficiencia": 0.9837095662976718}, "('0', '100', '2200000000')": {"speedup": 1.9806832166800048, "eficiencia": 0.9903416083400024}, "('0', '100', '2400000000')": {"speedup": 1.973621709132552, "eficiencia": 0.986810854566276}, "('0', '100', '2600000000')": {"speedup": 1.9742914851056754, "eficiencia": 0.9871457425528377}, "('0', '100', '2800000000')": {"speedup": 2.054548650536417, "eficiencia": 1.0272743252682086}, "('0', '100', '3000000000')": {"speedup": 1.9726926312992208, "eficiencia": 0.9863463156496104}, "('0', '100', '3200000000')": {"speedup": 1.9856116487714903, "eficiencia": 0.9928058243857452}, "('0', '100', '3400000000')": {"speedup": 1.993307584164721, "eficiencia": 0.9966537920823605}, "('0', '100', '3600000000')": {"speedup": 1.9896942456518605, "eficiencia": 0.9948471228259302}, "('0', '100', '3800000000')": {"speedup": 1.999433341716875, "eficiencia": 0.9997166708584375}, "('0', '100', '4000000000')": {"speedup": 1.9885486325580481, "eficiencia": 0.9942743162790241}}, "3": {"('0', '100', '2000000000')": {"speedup": 2.9502114603743044, "eficiencia": 0.9834038201247681}, "('0', '100', '2200000000')": {"speedup": 2.964320286858239, "eficiencia": 0.9881067622860796}, "('0', '100', '2400000000')": {"speedup": 2.962844057738898, "eficiencia": 0.9876146859129661}, "('0', '100', '2600000000')": {"speedup": 2.9685229838194553, "eficiencia": 0.9895076612731518}, "('0', '100', '2800000000')": {"speedup": 3.0873354979764676, "eficiencia": 1.0291118326588224}, "('0', '100', '3000000000')": {"speedup": 2.9824901676922533, "eficiencia": 0.9941633892307511}, "('0', '100', '3200000000')": {"speedup": 2.9925880008312946, "eficiencia": 0.9975293336104315}, "('0', '100', '3400000000')": {"speedup": 2.991464605935505, "eficiencia": 0.9971548686451683}, "('0', '100', '3600000000')": {"speedup": 2.9925220541786874, "eficiencia": 0.9975073513928958}, "('0', '100', '3800000000')": {"speedup": 2.9933660258358747, "eficiencia": 0.9977886752786249}, "('0', '100', '4000000000')": {"speedup": 2.989822306568285, "eficiencia": 0.9966074355227618}}, "4": {"('0', '100', '2000000000')": {"speedup": 3.8733163911853863, "eficiencia": 0.9683290977963466}, "('0', '100', '2200000000')": {"speedup": 3.951944479099191, "eficiencia": 0.9879861197747978}, "('0', '100', '2400000000')": {"speedup": 3.9361952643225355, "eficiencia": 0.9840488160806339}, "('0', '100', '2600000000')": {"speedup": 3.9372572990846124, "eficiencia": 0.9843143247711531}, "('0', '100', '2800000000')": {"speedup": 4.09720234943387, "eficiencia": 1.0243005873584674}, "('0', '100', '3000000000')": {"speedup": 3.966048758307759, "eficiencia": 0.9915121895769398}, "('0', '100', '3200000000')": {"speedup": 3.9838705785873074, "eficiencia": 0.9959676446468269}, "('0', '100', '3400000000')": {"speedup": 3.9863299769819247, "eficiencia": 0.9965824942454812},