{"v1": {"('0', '126000', '0')": {"2": {"speedup": 4.11730811196568, "eficiencia": 2.05865405598284}, "3": {"speedup": 9.368277783940009, "eficiencia": 3.122759261313336}, "4": {"speedup": 15.742256074303535, "eficiencia": 3.935564018575884}, "6": {"speedup": 33.00294756099911, "eficiencia": 5.500491260166519}, "8": {"speedup": 43.59640054370413, "eficiencia": 5.449550067963016}, "12": {"speedup": 84.92893982826203, "eficiencia": 7.07741165235517}}, "('0', '131400', '0')": {"2": {"speedup": 4.148773558245622, "eficiencia": 2.074386779122811}, "3": {"speedup": 9.555641180021393, "eficiencia": 3.1852137266737977}, "4": {"speedup": 17.067551109410278, "eficiencia": 4.2668877773525695}, "6": {"speedup": 33.8480025697667, "eficiencia": 5.641333761627783}, "8": {"speedup": 44.239481234952464, "eficiencia": 5.529935154369058}, "12": {"speedup": 98.17478194120261, "eficiencia": 8.181231828433551}}, "('0', '136800', '0')": {"2": {"speedup": 4.161774700971417, "eficiencia": 2.0808873504857086}, "3": {"speedup": 9.53361279270876, "eficiencia": 3.17787093090292}, "4": {"speedup": 17.13199574385509, "eficiencia": 4.282998935963772}, "6": {"speedup": 36.59956103958772, "eficiencia": 6.099926839931286}, "8": {"speedup": 44.383713753120674, "eficiencia": 5.547964219140084}, "12": {"speedup": 99.84190279777289, "eficiencia": 8.320158566481075}}, "('0', '142200', '0')": {"2": {"speedup": 4.148020694111098, "eficiencia": 2.074010347055549}, "3": {"speedup": 9.319414904046374, "eficiencia": 3.1064716346821246}, "4": {"speedup": 17.085223504860554, "eficiencia": 4.271305876215139}, "6": {"speedup": 37.22608659484551, "eficiencia": 6.204347765807586}, "8": {"speedup": 44.31337762219959, "eficiencia": 5.539172202774949}, "12": {"speedup": 99.85133682997667, "eficiencia": 8.32094473583139}}, "('0', '147600', '0')": {"2": {"speedup": 4.081917485456962, "eficiencia": 2.040958742728481}, "3": {"speedup": 9.361284766316677, "eficiencia": 3.1204282554388922}, "4": {"speedup": 17.022643794585655, "eficiencia": 4.255660948646414}, "6": {"speedup": 33.43131880940142, "eficiencia": 5.571886468233569}, "8": {"speedup": 44.48198000894249, "eficiencia": 5.560247501117812}, "12": {"speedup": 95.40547646615184, "eficiencia": 7.95045637217932}}, "('0', '153000', '0')": {"2": {"speedup": 4.161341620595774, "eficiencia": 2.080670810297887}, "3": {"speedup": 9.525410900975547, "eficiencia": 3.175136966991849}, "4": {"speedup": 16.853543605948655, "eficiencia": 4.213385901487164}, "6": {"speedup": 37.895409357930845, "eficiencia": 6.315901559655141}, "8": {"speedup": 45.40127522384508, "eficiencia": 5.675159402980635}, "12": {"speedup": 99.5093423954522, "eficiencia": 8.292445199621016}}, "('0', '158400', '0')": {"2": {"speedup": 4.14727573482612, "eficiencia": 2.07363786741306}, "3": {"speedup": 9.473440941609022, "eficiencia": 3.157813647203007}, "4": {"speedup": 17.07760319379582, "eficiencia": 4.269400798448955}, "6": {"speedup": 37.3792200120403, "eficiencia": 6.229870002006717}, "8": {"speedup": 44.12390425597003, "eficiencia": 5.515488031996254}, "12": {"speedup": 97.68194010620252, "eficiencia": 8.140161675516877}}, "('0', '163800', '0')": {"2": {"speedup": 4.143253953838911, "eficiencia": 2.0716269769194553}, "3": {"speedup": 9.447143499968682, "eficiencia": 3.149047833322894}, "4": {"speedup": 17.04294353643074, "eficiencia": 4.260735884107685}, "6": {"speedup": 35.99071188943, "eficiencia": 5.998451981571667}, "8": {"speedup": 44.181381306231614, "eficiencia": 5.522672663278952}, "12": {"speedup": 94.05912819812227, "eficiencia": 7.8382606831768555}}, "('0', '169200', '0')": {"2": {"speedup": 4.127098465322471, "eficiencia": 2.0635492326612357}, "3": {"speedup": 9.452313951404905, "eficiencia": 3.1507713171349683}, "4": {"speedup": 17.110483702483055, "eficiencia": 4.277620925620764}, "6": {"speedup": 37.22506610399219, "eficiencia": 6.204177683998698}, "8": {"speedup": 44.14746154171235, "eficiencia": 5.518432692714044}, "12": {"speedup": 99.21583087332098, "eficiencia": 8.267985906110082}}, "('0', '174600', '0')": {"2": {"speedup": 4.136924066891433, "eficiencia": 2.0684620334457167}, "3": {"speedup": 9.456115695891228, "eficiencia": 3.152038565297076}, "4": {"speedup": 16.51642418778223, "eficiencia": 4.129106046945558}, "6": {"speedup": 37.61213031452046, "eficiencia": 6.268688385753411}, "8": {"speedup": 44.155832682760675, "eficiencia": 5.519479085345084}, "12": {"speedup": 99.28896171440424, "eficiencia": 8.27408014286702}}, "('0', '180000', '0')": {"2": {"speedup": 4.125528945655248, "eficiencia": 2.062764472827624}, "3": {"speedup": 9.448246341203822, "eficiencia": 3.1494154470679407}, "4": {"speedup": 16.916528352249045, "eficiencia": 4.229132088062261}, "6": {"speedup": 36.997507018102375, "eficiencia": 6.166251169683729}, "8": {"speedup": 44.09663504311862, "eficiencia": 5.512079380389827}, "12": {"speedup": 99.55334327832222, "eficiencia": 8.296111939860184}}}, "v2": {"2": {"('0', '126000', '0')": {"speedup": 4.11730811196568, "eficiencia": 2.05865405598284}, "('0', '131400', '0')": {"speedup": 4.148773558245622, "eficiencia": 2.074386779122811}, "('0', '136800', '0')": {"speedup": 4.161774700971417, "eficiencia": 2.0808873504857086}, "('0', '142200', '0')": {"speedup": 4.148020694111098, "eficiencia": 2.074010347055549}, "('0', '147600', '0')": {"speedup": 4.081917485456962, "eficiencia": 2.040958742728481}, "('0', '153000', '0')": {"speedup": 4.161341620595774, "eficiencia": 2.080670810297887}, "('0', '158400', '0')": {"speedup": 4.14727573482612, "eficiencia": 2.07363786741306}, "('0', '163800', '0')": {"speedup": 4.143253953838911, "eficiencia": 2.0716269769194553}, "('0', '169200', '0')": {"speedup": 4.127098465322471, "eficiencia": 2.0635492326612357}, "('0', '174600', '0')": {"speedup": 4.136924066891433, "eficiencia": 2.0684620334457167}, "('0', '180000', '0')": {"speedup": 4.125528945655248, "eficiencia": 2.062764472827624}}, "3": {"('0', '126000', '0')": {"speedup": 9.368277783940009, "eficiencia": 3.122759261313336}, "('0', '131400', '0')": {"speedup": 9.555641180021393, "eficiencia": 3.1852137266737977}, "('0', '136800', '0')": {"speedup": 9.53361279270876, "eficiencia": 3.17787093090292}, "('0', '142200', '0')": {"speedup": 9.319414904046374, "eficiencia": 3.1064716346821246}, "('0', '147600', '0')": {"speedup": 9.361284766316677, "eficiencia": 3.1204282554388922}, "('0', '153000', '0')": {"speedup": 9.525410900975547, "eficiencia": 3.175136966991849}, "('0', '158400', '0')": {"speedup": 9.473440941609022, "eficiencia": 3.157813647203007}, "('0', '163800', '0')": {"speedup": 9.447143499968682, "eficiencia": 3.149047833322894}, "('0', '169200', '0')": {"speedup": 9.452313951404905, "eficiencia": 3.1507713171349683}, "('0', '174600', '0')": {"speedup": 9.456115695891228, "eficiencia": 3.152038565297076}, "('0', '180000', '0')": {"speedup": 9.448246341203822, "eficiencia": 3.1494154470679407}}, "4": {"('0', '126000', '0')": {"speedup": 15.742256074303535, "eficiencia": 3.935564018575884}, "('0', '131400', '0')": {"speedup": 17.067551109410278, "eficiencia": 4.2668877773525695}, "('0', '136800', '0')": {"speedup": 17.13199574385509, "eficiencia": 4.282998935963772}, "('0', '142200', '0')": {"speedup": 17.085223504860554, "eficiencia": 4.271305876215139}, "('0', '147600', '0')": {"speedup": 17.022643794585655, "eficiencia": 4.255660948646414}, "('0', '153000', '0')": {"speedup": 16.853543605948655, "eficiencia": 4.213385901487164}, "('0', '158400', '0')": {"speedup": 17.07760319379582, "eficiencia": 4.269400798448955}, "('0', '163800', '0')": {"speedup": 17.04294353643074, "eficiencia": 4.260735884107685}, "('0', '169200', '0')": {"speedup": 17.110483702483055, "eficiencia": 4.277620925620764}, "('0', '174600', '0')": {"speedup": 16.51642418778223, "eficiencia": 4.129106046945558}, "('0', '180000', '0')": {"speedup": 16.916528352249045, "eficiencia": 4.229132088062261}}, "6": {"('0', '126000', '0')": {"speedup": 33.00294756099911,