{"('0', '126000', '0')": {"2": {"mean_time": 7.932645581, "times": [{"time": 7.932645581}]}, "3": {"mean_time": 3.486355417, "times": [{"time": 3.486355417}]}, "4": {"mean_time": 2.074743661, "times": [{"time": 2.074743661}]}, "6": {"mean_time": 0.989643302, "times": [{"time": 0.989643302}]}, "8": {"mean_time": 0.749170702, "times": [{"time": 0.749170702}]}, "12": {"mean_time": 0.384570278, "times": [{"time": 0.384570278}]}}, "('0', '131400', '0')": {"2": {"mean_time": 8.659268214, "times": [{"time": 8.659268214}]}, "3": {"mean_time": 3.75959523, "times": [{"time": 3.75959523}]}, "4": {"mean_time": 2.104891485, "times": [{"time": 2.104891485}]}, "6": {"mean_time": 1.061372615, "times": [{"time": 1.061372615}]}, "8": {"mean_time": 0.812065196, "times": [{"time": 0.812065196}]}, "12": {"mean_time": 0.365932496, "times": [{"time": 0.365932496}]}}, "('0', '136800', '0')": {"2": {"mean_time": 9.422027096, "times": [{"time": 9.422027096}]}, "3": {"mean_time": 4.113063416, "times": [{"time": 4.113063416}]}, "4": {"mean_time": 2.288837482, "times": [{"time": 2.288837482}]}, "6": {"mean_time": 1.071388642, "times": [{"time": 1.071388642}]}, "8": {"mean_time": 0.883485195, "times": [{"time": 0.883485195}]}, "12": {"mean_time": 0.392744458, "times": [{"time": 0.392744458}]}}, "('0', '142200', '0')": {"2": {"mean_time": 10.180188122, "times": [{"time": 10.180188122}]}, "3": {"mean_time": 4.531146154, "times": [{"time": 4.531146154}]}, "4": {"mean_time": 2.47158786, "times": [{"time": 2.47158786}]}, "6": {"mean_time": 1.134355901, "times": [{"time": 1.134355901}]}, "8": {"mean_time": 0.952931897, "times": [{"time": 0.952931897}]}, "12": {"mean_time": 0.422905014, "times": [{"time": 0.422905014}]}}, "('0', '147600', '0')": {"2": {"mean_time": 11.136416687, "times": [{"time": 11.136416687}]}, "3": {"mean_time": 4.855950346, "times": [{"time": 4.855950346}]}, "4": {"mean_time": 2.670439125, "times": [{"time": 2.670439125}]}, "6": {"mean_time": 1.359740974, "times": [{"time": 1.359740974}]}, "8": {"mean_time": 1.021940435, "times": [{"time": 1.021940435}]}, "12": {"mean_time": 0.476470908, "times": [{"time": 0.476470908}]}}, "('0', '153000', '0')": {"2": {"mean_time": 11.777505302, "times": [{"time": 11.777505302}]}, "3": {"mean_time": 5.145208276, "times": [{"time": 5.145208276}]}, "4": {"mean_time": 2.908007013, "times": [{"time": 2.908007013}]}, "6": {"mean_time": 1.293302377, "times": [{"time": 1.293302377}]}, "8": {"mean_time": 1.079490009, "times": [{"time": 1.079490009}]}, "12": {"mean_time": 0.492518811, "times": [{"time": 0.492518811}]}}, "('0', '158400', '0')": {"2": {"mean_time": 12.63299268, "times": [{"time": 12.63299268}]}, "3": {"mean_time": 5.53046188, "times": [{"time": 5.53046188}]}, "4": {"mean_time": 3.067907329, "times": [{"time": 3.067907329}]}, "6": {"mean_time": 1.401647867, "times": [{"time": 1.401647867}]}, "8": {"mean_time": 1.187395016, "times": [{"time": 1.187395016}]}, "12": {"mean_time": 0.536358143, "times": [{"time": 0.536358143}]}}, "('0', '163800', '0')": {"2": {"mean_time": 13.546846422, "times": [{"time": 13.546846422}]}, "3": {"mean_time": 5.941269443, "times": [{"time": 5.941269443}]}, "4": {"mean_time": 3.293329282, "times": [{"time": 3.293329282}]}, "6": {"mean_time": 1.559514165, "times": [{"time": 1.559514165}]}, "8": {"mean_time": 1.270399959, "times": [{"time": 1.270399959}]}, "12": {"mean_time": 0.596731291, "times": [{"time": 0.596731291}]}}, "('0', '169200', '0')": {"2": {"mean_time": 14.49563089, "times": [{"time": 14.49563089}]}, "3": {"mean_time": 6.329127059, "times": [{"time": 6.329127059}]}, "4": {"mean_time": 3.496388357, "times": [{"time": 3.496388357}]}, "6": {"mean_time": 1.607113224, "times": [{"time": 1.607113224}]}, "8": {"mean_time": 1.355115196, "times": [{"time": 1.355115196}]}, "12": {"mean_time": 0.602977322, "times": [{"time": 0.602977322}]}}, "('0', '174600', '0')": {"2": {"mean_time": 15.450490743, "times": [{"time": 15.450490743}]}, "3": {"mean_time": 6.759382928, "times": [{"time": 6.759382928}]}, "4": {"mean_time": 3.869936148, "times": [{"time": 3.869936148}]}, "6": {"mean_time": 1.69938545, "times": [{"time": 1.69938545}]}, "8": {"mean_time": 1.447543917, "times": [{"time": 1.447543917}]}, "12": {"mean_time": 0.643752396, "times": [{"time": 0.643752396}]}}, "('0', '180000', '0')": {"2": {"mean_time": 16.434448017, "times": [{"time": 16.434448017}]}, "3": {"mean_time": 7.176018549, "times": [{"time": 7.176018549}]}, "4": {"mean_time": 4.007961302, "times": [{"time": 4.007961302}]}, "6": {"mean_time": 1.832577286, "times": [{"time": 1.832577286}]}, "8": {"mean_time": 1.537550222, "times": [{"time": 1.537550222}]}, "12": {"mean_time": 0.681049865, "times": [{"time": 0.681049865}]}}}