{"('0', '126000', '0')": {"mean_time": 32.661146, "times": [{"time": 32.661146}]}, "('0', '131400', '0')": {"mean_time": 35.925343, "times": [{"time": 35.925343}]}, "('0', '136800', '0')": {"mean_time": 39.212354, "times": [{"time": 39.212354}]}, "('0', '142200', '0')": {"mean_time": 42.227631, "times": [{"time": 42.227631}]}, "('0', '147600', '0')": {"mean_time": 45.457934, "times": [{"time": 45.457934}]}, "('0', '153000', '0')": {"mean_time": 49.010223, "times": [{"time": 49.010223}]}, "('0', '158400', '0')": {"mean_time": 52.392504, "times": [{"time": 52.392504}]}, "('0', '163800', '0')": {"mean_time": 56.128025, "times": [{"time": 56.128025}]}, "('0', '169200', '0')": {"mean_time": 59.824896, "times": [{"time": 59.824896}]}, "('0', '174600', '0')": {"mean_time": 63.917507, "times": [{"time": 63.917507}]}, "('0', '180000', '0')": {"mean_time": 67.800791, "times": [{"time": 67.800791}]}}