{"v1": {"('0', '100', '2000000000')": {"2": {"speedup": 1.3562268193956695, "eficiencia": 0.6781134096978347}, "3": {"speedup": 2.976439127410072, "eficiencia": 0.9921463758033573}, "4": {"speedup": 3.911575693398638, "eficiencia": 0.9778939233496595}, "6": {"speedup": 5.386966684793241, "eficiencia": 0.8978277807988735}, "8": {"speedup": 5.246688827400243, "eficiencia": 0.6558361034250304}, "12": {"speedup": 7.6629151330348835, "eficiencia": 0.6385762610862403}}, "('0', '100', '2200000000')": {"2": {"speedup": 1.3575165960869493, "eficiencia": 0.6787582980434747}, "3": {"speedup": 2.9400291901029227, "eficiencia": 0.9800097300343076}, "4": {"speedup": 3.975557353425379, "eficiencia": 0.9938893383563447}, "6": {"speedup": 5.534702682762702, "eficiencia": 0.922450447127117}, "8": {"speedup": 5.282720245208354, "eficiencia": 0.6603400306510443}, "12": {"speedup": 7.520071910744813, "eficiencia": 0.6266726592287344}}, "('0', '100', '2400000000')": {"2": {"speedup": 1.3575267898745729, "eficiencia": 0.6787633949372864}, "3": {"speedup": 2.9853340269833097, "eficiencia": 0.9951113423277699}, "4": {"speedup": 3.9780159322039688, "eficiencia": 0.9945039830509922}, "6": {"speedup": 5.682516811561636, "eficiencia": 0.9470861352602727}, "8": {"speedup": 5.278970561882487, "eficiencia": 0.6598713202353109}, "12": {"speedup": 7.677404422807922, "eficiencia": 0.6397837019006601}}, "('0', '100', '2600000000')": {"2": {"speedup": 1.3574287324625591, "eficiencia": 0.6787143662312796}, "3": {"speedup": 2.983525007952933, "eficiencia": 0.9945083359843111}, "4": {"speedup": 3.9347137138276325, "eficiencia": 0.9836784284569081}, "6": {"speedup": 5.581485381583715, "eficiencia": 0.9302475635972858}, "8": {"speedup": 5.267996814068563, "eficiencia": 0.6584996017585704}, "12": {"speedup": 7.64324953081718, "eficiencia": 0.6369374609014317}}, "('0', '100', '2800000000')": {"2": {"speedup": 1.3534487173570329, "eficiencia": 0.6767243586785164}, "3": {"speedup": 2.9727960858552946, "eficiencia": 0.9909320286184315}, "4": {"speedup": 3.9692757148551547, "eficiencia": 0.9923189287137887}, "6": {"speedup": 5.679284136672852, "eficiencia": 0.9465473561121419}, "8": {"speedup": 5.266067262311155, "eficiencia": 0.6582584077888943}, "12": {"speedup": 7.651424039334818, "eficiencia": 0.6376186699445682}}, "('0', '100', '3000000000')": {"2": {"speedup": 1.353658137396716, "eficiencia": 0.676829068698358}, "3": {"speedup": 2.9788567366248304, "eficiencia": 0.9929522455416101}, "4": {"speedup": 3.8737761811964835, "eficiencia": 0.9684440452991209}, "6": {"speedup": 5.57971130432668, "eficiencia": 0.9299518840544466}, "8": {"speedup": 5.28056063284565, "eficiencia": 0.6600700791057063}, "12": {"speedup": 7.638775650580783, "eficiencia": 0.6365646375483985}}, "('0', '100', '3200000000')": {"2": {"speedup": 1.3529536689203374, "eficiencia": 0.6764768344601687}, "3": {"speedup": 2.958047217303298, "eficiencia": 0.9860157391010994}, "4": {"speedup": 3.9631943327911623, "eficiencia": 0.9907985831977906}, "6": {"speedup": 5.689868142430457, "eficiencia": 0.9483113570717429}, "8": {"speedup": 5.318269404037069, "eficiencia": 0.6647836755046336}, "12": {"speedup": 7.645706185463534, "eficiencia": 0.6371421821219612}}, "('0', '100', '3400000000')": {"2": {"speedup": 1.3530529603968005, "eficiencia": 0.6765264801984002}, "3": {"speedup": 2.97243271973202, "eficiencia": 0.9908109065773401}, "4": {"speedup": 3.958548023730847, "eficiencia": 0.9896370059327118}, "6": {"speedup": 5.685962116416181, "eficiencia": 0.9476603527360301}, "8": {"speedup": 5.253337129281902, "eficiencia": 0.6566671411602377}, "12": {"speedup": 7.637548644706973, "eficiencia": 0.6364623870589144}}, "('0', '100', '3600000000')": {"2": {"speedup": 1.3503344730554172, "eficiencia": 0.6751672365277086}, "3": {"speedup": 2.878036002020009, "eficiencia": 0.9593453340066697}, "4": {"speedup": 3.9505928719383685, "eficiencia": 0.9876482179845921}, "6": {"speedup": 5.609731406751804, "eficiencia": 0.9349552344586339}, "8": {"speedup": 5.3004328232428515, "eficiencia": 0.6625541029053564}, "12": {"speedup": 7.61933347000701, "eficiencia": 0.6349444558339176}}, "('0', '100', '3800000000')": {"2": {"speedup": 1.348836899399578, "eficiencia": 0.674418449699789}, "3": {"speedup": 2.8851514909823175, "eficiencia": 0.9617171636607725}, "4": {"speedup": 3.9528100031251414, "eficiencia": 0.9882025007812854}, "6": {"speedup": 5.645899680023053, "eficiencia": 0.9409832800038421}, "8": {"speedup": 5.254901533576682, "eficiencia": 0.6568626916970852}, "12": {"speedup": 7.6086510711342825, "eficiencia": 0.6340542559278569}}, "('0', '100', '4000000000')": {"2": {"speedup": 1.3482111935620185, "eficiencia": 0.6741055967810092}, "3": {"speedup": 2.9576619268334983, "eficiencia": 0.9858873089444994}, "4": {"speedup": 3.950273205535632, "eficiencia": 0.987568301383908}, "6": {"speedup": 5.672056589783012, "eficiencia": 0.9453427649638354}, "8": {"speedup": 5.297262486699116, "eficiencia": 0.6621578108373894}, "12": {"speedup": 7.605430553518473, "eficiencia": 0.6337858794598727}}}, "v2": {"2": {"('0', '100', '2000000000')": {"speedup": 1.3562268193956695, "eficiencia": 0.6781134096978347}, "('0', '100', '2200000000')": {"speedup": 1.3575165960869493, "eficiencia": 0.6787582980434747}, "('0', '100', '2400000000')": {"speedup": 1.3575267898745729, "eficiencia": 0.6787633949372864}, "('0', '100', '2600000000')": {"speedup": 1.3574287324625591, "eficiencia": 0.6787143662312796}, "('0', '100', '2800000000')": {"speedup": 1.3534487173570329, "eficiencia": 0.6767243586785164}, "('0', '100', '3000000000')": {"speedup": 1.353658137396716, "eficiencia": 0.676829068698358}, "('0', '100', '3200000000')": {"speedup": 1.3529536689203374, "eficiencia": 0.6764768344601687}, "('0', '100', '3400000000')": {"speedup": 1.3530529603968005, "eficiencia": 0.6765264801984002}, "('0', '100', '3600000000')": {"speedup": 1.3503344730554172, "eficiencia": 0.6751672365277086}, "('0', '100', '3800000000')": {"speedup": 1.348836899399578, "eficiencia": 0.674418449699789}, "('0', '100', '4000000000')": {"speedup": 1.3482111935620185, "eficiencia": 0.6741055967810092}}, "3": {"('0', '100', '2000000000')": {"speedup": 2.976439127410072, "eficiencia": 0.9921463758033573}, "('0', '100', '2200000000')": {"speedup": 2.9400291901029227, "eficiencia": 0.9800097300343076}, "('0', '100', '2400000000')": {"speedup": 2.9853340269833097, "eficiencia": 0.9951113423277699}, "('0', '100', '2600000000')": {"speedup": 2.983525007952933, "eficiencia": 0.9945083359843111}, "('0', '100', '2800000000')": {"speedup": 2.9727960858552946, "eficiencia": 0.9909320286184315}, "('0', '100', '3000000000')": {"speedup": 2.9788567366248304, "eficiencia": 0.9929522455416101}, "('0', '100', '3200000000')": {"speedup": 2.958047217303298, "eficiencia": 0.9860157391010994}, "('0', '100', '3400000000')": {"speedup": 2.97243271973202, "eficiencia": 0.9908109065773401}, "('0', '100', '3600000000')": {"speedup": 2.878036002020009, "eficiencia": 0.9593453340066697}, "('0', '100', '3800000000')": {"speedup": 2.8851514909823175, "eficiencia": 0.9617171636607725}, "('0', '100', '4000000000')": {"speedup": 2.9576619268334983, "eficiencia": 0.9858873089444994}}, "4": {"('0', '100', '2000000000')": {"speedup": 3.911575693398638, "eficiencia": 0.9778939233496595}, "('0', '100', '2200000000')": {"speedup": 3.975557353425379, "eficiencia": 0.9938893383563447}, "('0', '100', '2400000000')": {"speedup": 3.9780159322039688, "eficiencia": 0.9945039830509922}, "('0', '100', '2600000000')": {"speedup": 3.9347137138276325, "eficiencia": 0.9836784284569081}, "('0', '100', '2800000000')": {"speedup": 3.9692757148551547, "eficiencia": 0.9923189287137887}, "('0', '100', '3000000000')": {"speedup": 3.8737761811964835, "eficiencia": 0.9684440452991209}, "('0', '100', '3200000000')": {"speedup": 3.9631943327911623, "eficiencia": 0.9907985831977906}, "('0', '100', '3400000000')": {"speedup": 3.958548023730847, "eficiencia": 0.9896370059327118},