{"v1": {"('0', '100', '2000000000')": {"2": {"speedup": 1.357686005788679, "eficiencia": 0.6788430028943395}, "3": {"speedup": 2.986281644316175, "eficiencia": 0.9954272147720583}, "4": {"speedup": 3.974612085264902, "eficiencia": 0.9936530213162255}, "6": {"speedup": 5.598035774484008, "eficiencia": 0.9330059624140014}, "8": {"speedup": 5.250993096778498, "eficiencia": 0.6563741370973123}, "12": {"speedup": 7.6708791583524185, "eficiencia": 0.6392399298627015}}, "('0', '100', '2200000000')": {"2": {"speedup": 1.3603670119978482, "eficiencia": 0.6801835059989241}, "3": {"speedup": 2.9855691871931263, "eficiencia": 0.9951897290643754}, "4": {"speedup": 3.984203017332592, "eficiencia": 0.996050754333148}, "6": {"speedup": 5.626933692472493, "eficiencia": 0.9378222820787488}, "8": {"speedup": 5.2922739700779635, "eficiencia": 0.6615342462597454}, "12": {"speedup": 7.69545760543749, "eficiencia": 0.6412881337864574}}, "('0', '100', '2400000000')": {"2": {"speedup": 1.3602886893228392, "eficiencia": 0.6801443446614196}, "3": {"speedup": 2.9914946559930597, "eficiencia": 0.9971648853310199}, "4": {"speedup": 3.9875755384139215, "eficiencia": 0.9968938846034804}, "6": {"speedup": 5.717786360437285, "eficiencia": 0.9529643934062141}, "8": {"speedup": 5.288297043784386, "eficiencia": 0.6610371304730482}, "12": {"speedup": 7.686475319488346, "eficiencia": 0.6405396099573621}}, "('0', '100', '2600000000')": {"2": {"speedup": 1.359273322462398, "eficiencia": 0.679636661231199}, "3": {"speedup": 2.9901317515130224, "eficiencia": 0.9967105838376741}, "4": {"speedup": 3.9823992244150204, "eficiencia": 0.9955998061037551}, "6": {"speedup": 5.626832923760632, "eficiencia": 0.9378054872934386}, "8": {"speedup": 5.275000104873804, "eficiencia": 0.6593750131092255}, "12": {"speedup": 7.666777294533169, "eficiencia": 0.6388981078777641}}, "('0', '100', '2800000000')": {"2": {"speedup": 1.3567147204628036, "eficiencia": 0.6783573602314018}, "3": {"speedup": 2.984123608722096, "eficiencia": 0.994707869574032}, "4": {"speedup": 3.976699449004067, "eficiencia": 0.9941748622510167}, "6": {"speedup": 5.700478875384186, "eficiencia": 0.950079812564031}, "8": {"speedup": 5.280542830012251, "eficiencia": 0.6600678537515314}, "12": {"speedup": 7.664008724670356, "eficiencia": 0.6386673937225297}}, "('0', '100', '3000000000')": {"2": {"speedup": 1.3573364339118579, "eficiencia": 0.6786682169559289}, "3": {"speedup": 2.9867284117522566, "eficiencia": 0.9955761372507522}, "4": {"speedup": 3.96988749041099, "eficiencia": 0.9924718726027475}, "6": {"speedup": 5.662483730623786, "eficiencia": 0.9437472884372977}, "8": {"speedup": 5.288234756504756, "eficiencia": 0.6610293445630945}, "12": {"speedup": 7.667323402485825, "eficiencia": 0.6389436168738187}}, "('0', '100', '3200000000')": {"2": {"speedup": 1.3559736303663015, "eficiencia": 0.6779868151831507}, "3": {"speedup": 2.980826745823582, "eficiencia": 0.9936089152745273}, "4": {"speedup": 3.9722507244734664, "eficiencia": 0.9930626811183666}, "6": {"speedup": 5.705314100340357, "eficiencia": 0.9508856833900595}, "8": {"speedup": 5.316688004603522, "eficiencia": 0.6645860005754403}, "12": {"speedup": 7.658156001300969, "eficiencia": 0.6381796667750808}}, "('0', '100', '3400000000')": {"2": {"speedup": 1.3565965228420527, "eficiencia": 0.6782982614210263}, "3": {"speedup": 2.983791762879461, "eficiencia": 0.9945972542931537}, "4": {"speedup": 3.9736556570962875, "eficiencia": 0.9934139142740719}, "6": {"speedup": 5.708959811439359, "eficiencia": 0.9514933019065599}, "8": {"speedup": 5.273158351911029, "eficiencia": 0.6591447939888786}, "12": {"speedup": 7.654622338714419, "eficiencia": 0.6378851948928682}}, "('0', '100', '3600000000')": {"2": {"speedup": 1.351575660126938, "eficiencia": 0.675787830063469}, "3": {"speedup": 2.964541669798007, "eficiencia": 0.9881805565993357}, "4": {"speedup": 3.960918202518016, "eficiencia": 0.990229550629504}, "6": {"speedup": 5.653150654940263, "eficiencia": 0.9421917758233772}, "8": {"speedup": 5.281644560204403, "eficiencia": 0.6602055700255504}, "12": {"speedup": 7.62632958819076, "eficiencia": 0.6355274656825634}}, "('0', '100', '3800000000')": {"2": {"speedup": 1.3500753299046873, "eficiencia": 0.6750376649523436}, "3": {"speedup": 2.9697971106869554, "eficiencia": 0.9899323702289852}, "4": {"speedup": 3.957315703054844, "eficiencia": 0.989328925763711}, "6": {"speedup": 5.685567367104637, "eficiencia": 0.9475945611841062}, "8": {"speedup": 5.261239260453775, "eficiencia": 0.6576549075567218}, "12": {"speedup": 7.628838831759798, "eficiencia": 0.6357365693133165}}, "('0', '100', '4000000000')": {"2": {"speedup": 1.3517949337236153, "eficiencia": 0.6758974668618076}, "3": {"speedup": 2.9714171922026833, "eficiencia": 0.9904723974008944}, "4": {"speedup": 3.9588426849344303, "eficiencia": 0.9897106712336076}, "6": {"speedup": 5.691007689811583, "eficiencia": 0.9485012816352638}, "8": {"speedup": 5.298771914990203, "eficiencia": 0.6623464893737754}, "12": {"speedup": 7.630511107896045, "eficiencia": 0.6358759256580038}}}, "v2": {"2": {"('0', '100', '2000000000')": {"speedup": 1.357686005788679, "eficiencia": 0.6788430028943395}, "('0', '100', '2200000000')": {"speedup": 1.3603670119978482, "eficiencia": 0.6801835059989241}, "('0', '100', '2400000000')": {"speedup": 1.3602886893228392, "eficiencia": 0.6801443446614196}, "('0', '100', '2600000000')": {"speedup": 1.359273322462398, "eficiencia": 0.679636661231199}, "('0', '100', '2800000000')": {"speedup": 1.3567147204628036, "eficiencia": 0.6783573602314018}, "('0', '100', '3000000000')": {"speedup": 1.3573364339118579, "eficiencia": 0.6786682169559289}, "('0', '100', '3200000000')": {"speedup": 1.3559736303663015, "eficiencia": 0.6779868151831507}, "('0', '100', '3400000000')": {"speedup": 1.3565965228420527, "eficiencia": 0.6782982614210263}, "('0', '100', '3600000000')": {"speedup": 1.351575660126938, "eficiencia": 0.675787830063469}, "('0', '100', '3800000000')": {"speedup": 1.3500753299046873, "eficiencia": 0.6750376649523436}, "('0', '100', '4000000000')": {"speedup": 1.3517949337236153, "eficiencia": 0.6758974668618076}}, "3": {"('0', '100', '2000000000')": {"speedup": 2.986281644316175, "eficiencia": 0.9954272147720583}, "('0', '100', '2200000000')": {"speedup": 2.9855691871931263, "eficiencia": 0.9951897290643754}, "('0', '100', '2400000000')": {"speedup": 2.9914946559930597, "eficiencia": 0.9971648853310199}, "('0', '100', '2600000000')": {"speedup": 2.9901317515130224, "eficiencia": 0.9967105838376741}, "('0', '100', '2800000000')": {"speedup": 2.984123608722096, "eficiencia": 0.994707869574032}, "('0', '100', '3000000000')": {"speedup": 2.9867284117522566, "eficiencia": 0.9955761372507522}, "('0', '100', '3200000000')": {"speedup": 2.980826745823582, "eficiencia": 0.9936089152745273}, "('0', '100', '3400000000')": {"speedup": 2.983791762879461, "eficiencia": 0.9945972542931537}, "('0', '100', '3600000000')": {"speedup": 2.964541669798007, "eficiencia": 0.9881805565993357}, "('0', '100', '3800000000')": {"speedup": 2.9697971106869554, "eficiencia": 0.9899323702289852}, "('0', '100', '4000000000')": {"speedup": 2.9714171922026833, "eficiencia": 0.9904723974008944}}, "4": {"('0', '100', '2000000000')": {"speedup": 3.974612085264902, "eficiencia": 0.9936530213162255}, "('0', '100', '2200000000')": {"speedup": 3.984203017332592, "eficiencia": 0.996050754333148}, "('0', '100', '2400000000')": {"speedup": 3.9875755384139215, "eficiencia": 0.9968938846034804}, "('0', '100', '2600000000')": {"speedup": 3.9823992244150204, "eficiencia": 0.9955998061037551}, "('0', '100', '2800000000')": {"speedup": 3.976699449004067, "eficiencia": 0.9941748622510167}, "('0', '100', '3000000000')": {"speedup": 3.96988749041099, "eficiencia": 0.9924718726027475}, "('0', '100', '3200000000')": {"speedup": 3.9722507244734664, "eficiencia": 0.9930626811183666}, "('0', '100', '3400000000')": {"speedup": 3.9736556570962875, "eficiencia": 0.9934139142740719},