{"v1": {"('0', '2200000000')": {"2": {"speedup": 2.162114622094997, "eficiencia": 1.0810573110474986}, "3": {"speedup": 3.239037653320823, "eficiencia": 1.0796792177736076}, "4": {"speedup": 4.316632726499315, "eficiencia": 1.0791581816248288}, "6": {"speedup": 6.247898005271067, "eficiencia": 1.0413163342118446}, "8": {"speedup": 7.45712365535489, "eficiencia": 0.9321404569193612}, "12": {"speedup": 11.100610023421533, "eficiencia": 0.9250508352851278}}, "('0', '2400000000')": {"2": {"speedup": 2.170511345746001, "eficiencia": 1.0852556728730005}, "3": {"speedup": 3.251457807227477, "eficiencia": 1.0838192690758257}, "4": {"speedup": 4.3319176968436635, "eficiencia": 1.0829794242109159}, "6": {"speedup": 6.2664860309443275, "eficiencia": 1.0444143384907212}, "8": {"speedup": 7.439187133271307, "eficiencia": 0.9298983916589134}, "12": {"speedup": 10.962570130938918, "eficiencia": 0.9135475109115765}}, "('0', '2600000000')": {"2": {"speedup": 2.166603604042709, "eficiencia": 1.0833018020213545}, "3": {"speedup": 3.246324974487212, "eficiencia": 1.0821083248290706}, "4": {"speedup": 4.325957790322331, "eficiencia": 1.0814894475805827}, "6": {"speedup": 6.254243852370101, "eficiencia": 1.042373975395017}, "8": {"speedup": 7.461809517222996, "eficiencia": 0.9327261896528745}, "12": {"speedup": 10.690021203244667, "eficiencia": 0.8908351002703889}}, "('0', '2800000000')": {"2": {"speedup": 2.1666694850668495, "eficiencia": 1.0833347425334248}, "3": {"speedup": 3.2462934157786, "eficiencia": 1.0820978052595334}, "4": {"speedup": 4.325526828343225, "eficiencia": 1.0813817070858063}, "6": {"speedup": 6.258893215235147, "eficiencia": 1.0431488692058577}, "8": {"speedup": 7.465798085148066, "eficiencia": 0.9332247606435082}, "12": {"speedup": 11.107438588950213, "eficiencia": 0.9256198824125178}}, "('0', '3000000000')": {"2": {"speedup": 2.1635801630525178, "eficiencia": 1.0817900815262589}, "3": {"speedup": 3.2408974539232673, "eficiencia": 1.0802991513077558}, "4": {"speedup": 4.3172951547175025, "eficiencia": 1.0793237886793756}, "6": {"speedup": 6.244194784309236, "eficiencia": 1.0406991307182059}, "8": {"speedup": 7.447493176010285, "eficiencia": 0.9309366470012856}, "12": {"speedup": 11.082006628450227, "eficiencia": 0.9235005523708523}}, "('0', '3200000000')": {"2": {"speedup": 2.16464797615184, "eficiencia": 1.08232398807592}, "3": {"speedup": 3.2433129113664747, "eficiencia": 1.0811043037888248}, "4": {"speedup": 4.322137212876926, "eficiencia": 1.0805343032192316}, "6": {"speedup": 6.2611308056267285, "eficiencia": 1.043521800937788}, "8": {"speedup": 7.4570255424095135, "eficiencia": 0.9321281928011892}, "12": {"speedup": 11.084233103251362, "eficiencia": 0.9236860919376135}}, "('0', '3400000000')": {"2": {"speedup": 2.1594258098482024, "eficiencia": 1.0797129049241012}, "3": {"speedup": 3.2351490763766133, "eficiencia": 1.078383025458871}, "4": {"speedup": 4.31082751161416, "eficiencia": 1.07770687790354}, "6": {"speedup": 6.23641588145582, "eficiencia": 1.0394026469093034}, "8": {"speedup": 7.44140486757729, "eficiencia": 0.9301756084471613}, "12": {"speedup": 11.05730822740391, "eficiencia": 0.9214423522836591}}, "('0', '3600000000')": {"2": {"speedup": 2.1600343074098194, "eficiencia": 1.0800171537049097}, "3": {"speedup": 3.235115808875595, "eficiencia": 1.078371936291865}, "4": {"speedup": 4.310910625949347, "eficiencia": 1.0777276564873368}, "6": {"speedup": 6.252863574457362, "eficiencia": 1.042143929076227}, "8": {"speedup": 7.442791072423173, "eficiencia": 0.9303488840528966}, "12": {"speedup": 11.051815403307227, "eficiencia": 0.920984616942269}}, "('0', '3800000000')": {"2": {"speedup": 2.1588716628562756, "eficiencia": 1.0794358314281378}, "3": {"speedup": 3.234031158978355, "eficiencia": 1.0780103863261183}, "4": {"speedup": 4.309468610460524, "eficiencia": 1.077367152615131}, "6": {"speedup": 6.246677735549017, "eficiencia": 1.0411129559248362}, "8": {"speedup": 7.434562270145023, "eficiencia": 0.9293202837681279}, "12": {"speedup": 11.045560514591502, "eficiencia": 0.9204633762159585}}, "('0', '4000000000')": {"2": {"speedup": 2.0256984711575794, "eficiencia": 1.0128492355787897}, "3": {"speedup": 3.23547536840064, "eficiencia": 1.07849178946688}, "4": {"speedup": 4.3106943275715315, "eficiencia": 1.0776735818928829}, "6": {"speedup": 6.247023993876949, "eficiencia": 1.0411706656461581}, "8": {"speedup": 7.428517604462448, "eficiencia": 0.928564700557806}, "12": {"speedup": 11.029962471069364, "eficiencia": 0.9191635392557803}}, "('0', '4200000000')": {"2": {"speedup": 2.15610328895561, "eficiencia": 1.078051644477805}, "3": {"speedup": 3.22926347028639, "eficiencia": 1.07642115676213}, "4": {"speedup": 4.302972880341124, "eficiencia": 1.075743220085281}, "6": {"speedup": 6.241811260395527, "eficiencia": 1.0403018767325878}, "8": {"speedup": 7.4200735130870425, "eficiencia": 0.9275091891358803}, "12": {"speedup": 11.023798943057761, "eficiencia": 0.91864991192148}}, "('0', '4400000000')": {"2": {"speedup": 2.1549016686279088, "eficiencia": 1.0774508343139544}, "3": {"speedup": 3.2272595387544145, "eficiencia": 1.0757531795848048}, "4": {"speedup": 4.299835208261518, "eficiencia": 1.0749588020653795}, "6": {"speedup": 6.2307610839853975, "eficiencia": 1.0384601806642328}, "8": {"speedup": 7.415983842995175, "eficiencia": 0.9269979803743968}, "12": {"speedup": 11.01441161379172, "eficiencia": 0.9178676344826434}}}, "v2": {"2": {"('0', '2200000000')": {"speedup": 2.162114622094997, "eficiencia": 1.0810573110474986}, "('0', '2400000000')": {"speedup": 2.170511345746001, "eficiencia": 1.0852556728730005}, "('0', '2600000000')": {"speedup": 2.166603604042709, "eficiencia": 1.0833018020213545}, "('0', '2800000000')": {"speedup": 2.1666694850668495, "eficiencia": 1.0833347425334248}, "('0', '3000000000')": {"speedup": 2.1635801630525178, "eficiencia": 1.0817900815262589}, "('0', '3200000000')": {"speedup": 2.16464797615184, "eficiencia": 1.08232398807592}, "('0', '3400000000')": {"speedup": 2.1594258098482024, "eficiencia": 1.0797129049241012}, "('0', '3600000000')": {"speedup": 2.1600343074098194, "eficiencia": 1.0800171537049097}, "('0', '3800000000')": {"speedup": 2.1588716628562756, "eficiencia": 1.0794358314281378}, "('0', '4000000000')": {"speedup": 2.0256984711575794, "eficiencia": 1.0128492355787897}, "('0', '4200000000')": {"speedup": 2.15610328895561, "eficiencia": 1.078051644477805}, "('0', '4400000000')": {"speedup": 2.1549016686279088, "eficiencia": 1.0774508343139544}}, "3": {"('0', '2200000000')": {"speedup": 3.239037653320823, "eficiencia": 1.0796792177736076}, "('0', '2400000000')": {"speedup": 3.251457807227477, "eficiencia": 1.0838192690758257}, "('0', '2600000000')": {"speedup": 3.246324974487212, "eficiencia": 1.0821083248290706}, "('0', '2800000000')": {"speedup": 3.2462934157786, "eficiencia": 1.0820978052595334}, "('0', '3000000000')": {"speedup": 3.2408974539232673, "eficiencia": 1.0802991513077558}, "('0', '3200000000')": {"speedup": 3.2433129113664747, "eficiencia": 1.0811043037888248}, "('0', '3400000000')": {"speedup": 3.2351490763766133, "eficiencia": 1.078383025458871}, "('0', '3600000000')": {"speedup": 3.235115808875595, "eficiencia": 1.078371936291865}, "('0', '3800000000')": {"speedup": 3.234031158978355, "eficiencia": 1.0780103863261183}, "('0', '4000000000')": {"speedup": 3.23547536840064, "eficiencia": 1.07849178946688}, "('0', '4200000000')": {"speedup": 3.22926347028639, "eficiencia": 1.07642115676213}, "('0', '4400000000')": {"speedup": 3.2272595387544145, "eficiencia": 1.0757531795848048}}, "4": {"('0', '2200000000')": {"speedup": 4.316632726499315, "eficiencia": 1.0791581816248288}, "('0', '2400000000')": {"speedup": 4.3319176968436635, "eficiencia": 1.0829794242109159}, "('0', '2600000000')": {"speedup": 4.325957790322331, "eficiencia": 1.0814894475805827}, "('0', '2800000000')": {"speedup": 4.325526828343225, "eficiencia": 1.0813817070858063},