{"v1": {"('0', '2200000000')": {"2": {"speedup": 2.1638131752372467, "eficiencia": 1.0819065876186233}, "3": {"speedup": 3.242018869552886, "eficiencia": 1.0806729565176287}, "4": {"speedup": 4.320982312893308, "eficiencia": 1.080245578223327}, "6": {"speedup": 6.254226204988911, "eficiencia": 1.0423710341648185}, "8": {"speedup": 7.466204233358671, "eficiencia": 0.9332755291698339}, "12": {"speedup": 11.117702955919889, "eficiencia": 0.9264752463266573}}, "('0', '2400000000')": {"2": {"speedup": 2.177662394659839, "eficiencia": 1.0888311973299194}, "3": {"speedup": 3.2634757833236123, "eficiencia": 1.0878252611078707}, "4": {"speedup": 4.348219715774498, "eficiencia": 1.0870549289436244}, "6": {"speedup": 6.29689373833049, "eficiencia": 1.0494822897217484}, "8": {"speedup": 7.519618640517368, "eficiencia": 0.939952330064671}, "12": {"speedup": 11.170495989102449, "eficiencia": 0.9308746657585374}}, "('0', '2600000000')": {"2": {"speedup": 2.1752784656378403, "eficiencia": 1.0876392328189202}, "3": {"speedup": 3.2597413706233502, "eficiencia": 1.0865804568744502}, "4": {"speedup": 4.343843548228803, "eficiencia": 1.0859608870572008}, "6": {"speedup": 6.294535435461942, "eficiencia": 1.049089239243657}, "8": {"speedup": 7.493052835766051, "eficiencia": 0.9366316044707563}, "12": {"speedup": 11.165457203643378, "eficiencia": 0.9304547669702815}}, "('0', '2800000000')": {"2": {"speedup": 2.1724013345452224, "eficiencia": 1.0862006672726112}, "3": {"speedup": 3.256246942018471, "eficiencia": 1.0854156473394905}, "4": {"speedup": 4.338856790262547, "eficiencia": 1.0847141975656367}, "6": {"speedup": 6.282089738343545, "eficiencia": 1.0470149563905908}, "8": {"speedup": 7.486958461028819, "eficiencia": 0.9358698076286024}, "12": {"speedup": 11.14473905454194, "eficiencia": 0.9287282545451617}}, "('0', '3000000000')": {"2": {"speedup": 2.1694386839697004, "eficiencia": 1.0847193419848502}, "3": {"speedup": 3.2514443438556575, "eficiencia": 1.0838147812852192}, "4": {"speedup": 4.332503935585239, "eficiencia": 1.0831259838963097}, "6": {"speedup": 6.272564819821282, "eficiencia": 1.0454274699702137}, "8": {"speedup": 7.469681214593696, "eficiencia": 0.933710151824212}, "12": {"speedup": 11.120178652811779, "eficiencia": 0.9266815544009815}}, "('0', '3200000000')": {"2": {"speedup": 2.170801020421507, "eficiencia": 1.0854005102107536}, "3": {"speedup": 3.253634370715478, "eficiencia": 1.0845447902384926}, "4": {"speedup": 4.33570703934001, "eficiencia": 1.0839267598350024}, "6": {"speedup": 6.283041289580961, "eficiencia": 1.0471735482634934}, "8": {"speedup": 7.478311205887326, "eficiencia": 0.9347889007359157}, "12": {"speedup": 11.119168960650583, "eficiencia": 0.9265974133875486}}, "('0', '3400000000')": {"2": {"speedup": 2.1626791284885605, "eficiencia": 1.0813395642442802}, "3": {"speedup": 3.2421928796532127, "eficiencia": 1.0807309598844042}, "4": {"speedup": 4.319695276125504, "eficiencia": 1.079923819031376}, "6": {"speedup": 6.251864807816977, "eficiencia": 1.0419774679694962}, "8": {"speedup": 7.454744059465014, "eficiencia": 0.9318430074331268}, "12": {"speedup": 11.080387775377659, "eficiencia": 0.9233656479481382}}, "('0', '3600000000')": {"2": {"speedup": 2.162230932233749, "eficiencia": 1.0811154661168745}, "3": {"speedup": 3.2413654419775986, "eficiencia": 1.0804551473258661}, "4": {"speedup": 4.31876470855338, "eficiencia": 1.079691177138345}, "6": {"speedup": 6.263070956926296, "eficiencia": 1.043845159487716}, "8": {"speedup": 7.4575508958972705, "eficiencia": 0.9321938619871588}, "12": {"speedup": 11.069536840176253, "eficiencia": 0.9224614033480211}}, "('0', '3800000000')": {"2": {"speedup": 2.162051301649852, "eficiencia": 1.081025650824926}, "3": {"speedup": 3.2404414989762844, "eficiencia": 1.080147166325428}, "4": {"speedup": 4.3176971490087, "eficiencia": 1.079424287252175}, "6": {"speedup": 6.257974932681782, "eficiencia": 1.0429958221136304}, "8": {"speedup": 7.44457834520713, "eficiencia": 0.9305722931508913}, "12": {"speedup": 11.063715492687273, "eficiencia": 0.9219762910572727}}, "('0', '4000000000')": {"2": {"speedup": 2.163607789210294, "eficiencia": 1.081803894605147}, "3": {"speedup": 3.243154191157801, "eficiencia": 1.0810513970526003}, "4": {"speedup": 4.321184739250769, "eficiencia": 1.0802961848126922}, "6": {"speedup": 6.265005466495127, "eficiencia": 1.044167577749188}, "8": {"speedup": 7.445266782814385, "eficiencia": 0.9306583478517981}, "12": {"speedup": 11.06354650128529, "eficiencia": 0.9219622084404407}}, "('0', '4200000000')": {"2": {"speedup": 2.156869139148067, "eficiencia": 1.0784345695740336}, "3": {"speedup": 3.2336136583877, "eficiencia": 1.0778712194625666}, "4": {"speedup": 4.308544265197012, "eficiencia": 1.077136066299253}, "6": {"speedup": 6.250083605453493, "eficiencia": 1.0416806009089155}, "8": {"speedup": 7.429546210326581, "eficiencia": 0.9286932762908227}, "12": {"speedup": 11.03323945955276, "eficiencia": 0.9194366216293967}}, "('0', '4400000000')": {"2": {"speedup": 2.153495641564917, "eficiencia": 1.0767478207824586}, "3": {"speedup": 3.2287948780239257, "eficiencia": 1.0762649593413085}, "4": {"speedup": 4.302474434855284, "eficiencia": 1.075618608713821}, "6": {"speedup": 6.236322278170762, "eficiencia": 1.0393870463617938}, "8": {"speedup": 7.419014959538533, "eficiencia": 0.9273768699423166}, "12": {"speedup": 11.013123095784806, "eficiencia": 0.9177602579820672}}}, "v2": {"2": {"('0', '2200000000')": {"speedup": 2.1638131752372467, "eficiencia": 1.0819065876186233}, "('0', '2400000000')": {"speedup": 2.177662394659839, "eficiencia": 1.0888311973299194}, "('0', '2600000000')": {"speedup": 2.1752784656378403, "eficiencia": 1.0876392328189202}, "('0', '2800000000')": {"speedup": 2.1724013345452224, "eficiencia": 1.0862006672726112}, "('0', '3000000000')": {"speedup": 2.1694386839697004, "eficiencia": 1.0847193419848502}, "('0', '3200000000')": {"speedup": 2.170801020421507, "eficiencia": 1.0854005102107536}, "('0', '3400000000')": {"speedup": 2.1626791284885605, "eficiencia": 1.0813395642442802}, "('0', '3600000000')": {"speedup": 2.162230932233749, "eficiencia": 1.0811154661168745}, "('0', '3800000000')": {"speedup": 2.162051301649852, "eficiencia": 1.081025650824926}, "('0', '4000000000')": {"speedup": 2.163607789210294, "eficiencia": 1.081803894605147}, "('0', '4200000000')": {"speedup": 2.156869139148067, "eficiencia": 1.0784345695740336}, "('0', '4400000000')": {"speedup": 2.153495641564917, "eficiencia": 1.0767478207824586}}, "3": {"('0', '2200000000')": {"speedup": 3.242018869552886, "eficiencia": 1.0806729565176287}, "('0', '2400000000')": {"speedup": 3.2634757833236123, "eficiencia": 1.0878252611078707}, "('0', '2600000000')": {"speedup": 3.2597413706233502, "eficiencia": 1.0865804568744502}, "('0', '2800000000')": {"speedup": 3.256246942018471, "eficiencia": 1.0854156473394905}, "('0', '3000000000')": {"speedup": 3.2514443438556575, "eficiencia": 1.0838147812852192}, "('0', '3200000000')": {"speedup": 3.253634370715478, "eficiencia": 1.0845447902384926}, "('0', '3400000000')": {"speedup": 3.2421928796532127, "eficiencia": 1.0807309598844042}, "('0', '3600000000')": {"speedup": 3.2413654419775986, "eficiencia": 1.0804551473258661}, "('0', '3800000000')": {"speedup": 3.2404414989762844, "eficiencia": 1.080147166325428}, "('0', '4000000000')": {"speedup": 3.243154191157801, "eficiencia": 1.0810513970526003}, "('0', '4200000000')": {"speedup": 3.2336136583877, "eficiencia": 1.0778712194625666}, "('0', '4400000000')": {"speedup": 3.2287948780239257, "eficiencia": 1.0762649593413085}}, "4": {"('0', '2200000000')": {"speedup": 4.320982312893308, "eficiencia": 1.080245578223327}, "('0', '2400000000')": {"speedup": 4.348219715774498, "eficiencia": 1.0870549289436244}, "('0', '2600000000')": {"speedup": 4.343843548228803, "eficiencia": 1.0859608870572008}, "('0', '2800000000')": {"speedup": 4.338856790262547, "eficiencia": 1.0847141975656367},