{"v1": {"('0', '126000', '0')": {"2": {"speedup": 4.061356057795064, "eficiencia": 2.030678028897532}, "3": {"speedup": 9.26689153733283, "eficiencia": 3.08896384577761}, "4": {"speedup": 16.4641160345316, "eficiencia": 4.1160290086329}, "6": {"speedup": 37.653146740791456, "eficiencia": 6.275524456798576}, "8": {"speedup": 42.905193689568335, "eficiencia": 5.363149211196042}, "12": {"speedup": 95.0897864888623, "eficiencia": 7.924148874071858}}, "('0', '131400', '0')": {"2": {"speedup": 4.107856481719141, "eficiencia": 2.0539282408595705}, "3": {"speedup": 9.433982313529409, "eficiencia": 3.14466077117647}, "4": {"speedup": 16.457802363677786, "eficiencia": 4.114450590919446}, "6": {"speedup": 21.611977159647665, "eficiencia": 3.6019961932746107}, "8": {"speedup": 43.4735260016255, "eficiencia": 5.434190750203188}, "12": {"speedup": 97.89941081529699, "eficiencia": 8.158284234608082}}, "('0', '136800', '0')": {"2": {"speedup": 4.211131926653589, "eficiencia": 2.1055659633267947}, "3": {"speedup": 9.608577068594537, "eficiencia": 3.2028590228648457}, "4": {"speedup": 12.353993562226478, "eficiencia": 3.0884983905566195}, "6": {"speedup": 34.43385105086703, "eficiencia": 5.738975175144504}, "8": {"speedup": 44.902601633251834, "eficiencia": 5.612825204156479}, "12": {"speedup": 100.02249691244066, "eficiencia": 8.335208076036722}}, "('0', '142200', '0')": {"2": {"speedup": 4.117142408790249, "eficiencia": 2.0585712043951245}, "3": {"speedup": 9.38072232230708, "eficiencia": 3.1269074407690263}, "4": {"speedup": 16.950785732379693, "eficiencia": 4.237696433094923}, "6": {"speedup": 37.41162736138635, "eficiencia": 6.2352712268977255}, "8": {"speedup": 43.827657962670635, "eficiencia": 5.478457245333829}, "12": {"speedup": 97.53960006124663, "eficiencia": 8.128300005103887}}, "('0', '147600', '0')": {"2": {"speedup": 4.154461472013811, "eficiencia": 2.0772307360069053}, "3": {"speedup": 9.545243583037351, "eficiencia": 3.1817478610124503}, "4": {"speedup": 17.002179787359783, "eficiencia": 4.250544946839946}, "6": {"speedup": 36.29768127116933, "eficiencia": 6.049613545194888}, "8": {"speedup": 44.03818757552816, "eficiencia": 5.50477344694102}, "12": {"speedup": 91.82187026222917, "eficiencia": 7.651822521852431}}, "('0', '153000', '0')": {"2": {"speedup": 4.0734189788008, "eficiencia": 2.0367094894004}, "3": {"speedup": 9.377335621246518, "eficiencia": 3.125778540415506}, "4": {"speedup": 16.923370416487835, "eficiencia": 4.230842604121959}, "6": {"speedup": 33.27052842612768, "eficiencia": 5.54508807102128}, "8": {"speedup": 43.87501071839507, "eficiencia": 5.484376339799383}, "12": {"speedup": 96.99827887292763, "eficiencia": 8.083189906077303}}, "('0', '158400', '0')": {"2": {"speedup": 4.0660796050461325, "eficiencia": 2.0330398025230663}, "3": {"speedup": 9.040690568554435, "eficiencia": 3.0135635228514785}, "4": {"speedup": 16.231794617202915, "eficiencia": 4.057948654300729}, "6": {"speedup": 35.644820950984986, "eficiencia": 5.940803491830831}, "8": {"speedup": 44.48796220812061, "eficiencia": 5.560995276015076}, "12": {"speedup": 96.99494574740297, "eficiencia": 8.082912145616914}}, "('0', '163800', '0')": {"2": {"speedup": 4.166175847064832, "eficiencia": 2.083087923532416}, "3": {"speedup": 9.562675842896297, "eficiencia": 3.1875586142987657}, "4": {"speedup": 16.956311249395753, "eficiencia": 4.239077812348938}, "6": {"speedup": 38.07902676509857, "eficiencia": 6.346504460849761}, "8": {"speedup": 44.556802451248046, "eficiencia": 5.569600306406006}, "12": {"speedup": 100.38412920471254, "eficiencia": 8.365344100392711}}, "('0', '169200', '0')": {"2": {"speedup": 4.144442252997991, "eficiencia": 2.0722211264989956}, "3": {"speedup": 9.48714962303275, "eficiencia": 3.1623832076775833}, "4": {"speedup": 16.82129038449982, "eficiencia": 4.205322596124955}, "6": {"speedup": 37.09412093674552, "eficiencia": 6.1823534894575864}, "8": {"speedup": 44.22846908776038, "eficiencia": 5.528558635970048}, "12": {"speedup": 94.36456491452024, "eficiencia": 7.863713742876687}}, "('0', '174600', '0')": {"2": {"speedup": 4.135081153013553, "eficiencia": 2.0675405765067767}, "3": {"speedup": 9.520874385842502, "eficiencia": 3.173624795280834}, "4": {"speedup": 16.758006269584502, "eficiencia": 4.189501567396126}, "6": {"speedup": 36.56617467527933, "eficiencia": 6.094362445879888}, "8": {"speedup": 44.5740954042497, "eficiencia": 5.571761925531212}, "12": {"speedup": 99.73915777251304, "eficiencia": 8.311596481042754}}, "('0', '180000', '0')": {"2": {"speedup": 4.1346908169698215, "eficiencia": 2.0673454084849108}, "3": {"speedup": 9.319233528508114, "eficiencia": 3.1064111761693716}, "4": {"speedup": 16.888294928175714, "eficiencia": 4.2220737320439286}, "6": {"speedup": 37.495042953420466, "eficiencia": 6.249173825570078}, "8": {"speedup": 44.18268835838917, "eficiencia": 5.522836044798646}, "12": {"speedup": 97.98436723818133, "eficiencia": 8.165363936515112}}}, "v2": {"2": {"('0', '126000', '0')": {"speedup": 4.061356057795064, "eficiencia": 2.030678028897532}, "('0', '131400', '0')": {"speedup": 4.107856481719141, "eficiencia": 2.0539282408595705}, "('0', '136800', '0')": {"speedup": 4.211131926653589, "eficiencia": 2.1055659633267947}, "('0', '142200', '0')": {"speedup": 4.117142408790249, "eficiencia": 2.0585712043951245}, "('0', '147600', '0')": {"speedup": 4.154461472013811, "eficiencia": 2.0772307360069053}, "('0', '153000', '0')": {"speedup": 4.0734189788008, "eficiencia": 2.0367094894004}, "('0', '158400', '0')": {"speedup": 4.0660796050461325, "eficiencia": 2.0330398025230663}, "('0', '163800', '0')": {"speedup": 4.166175847064832, "eficiencia": 2.083087923532416}, "('0', '169200', '0')": {"speedup": 4.144442252997991, "eficiencia": 2.0722211264989956}, "('0', '174600', '0')": {"speedup": 4.135081153013553, "eficiencia": 2.0675405765067767}, "('0', '180000', '0')": {"speedup": 4.1346908169698215, "eficiencia": 2.0673454084849108}}, "3": {"('0', '126000', '0')": {"speedup": 9.26689153733283, "eficiencia": 3.08896384577761}, "('0', '131400', '0')": {"speedup": 9.433982313529409, "eficiencia": 3.14466077117647}, "('0', '136800', '0')": {"speedup": 9.608577068594537, "eficiencia": 3.2028590228648457}, "('0', '142200', '0')": {"speedup": 9.38072232230708, "eficiencia": 3.1269074407690263}, "('0', '147600', '0')": {"speedup": 9.545243583037351, "eficiencia": 3.1817478610124503}, "('0', '153000', '0')": {"speedup": 9.377335621246518, "eficiencia": 3.125778540415506}, "('0', '158400', '0')": {"speedup": 9.040690568554435, "eficiencia": 3.0135635228514785}, "('0', '163800', '0')": {"speedup": 9.562675842896297, "eficiencia": 3.1875586142987657}, "('0', '169200', '0')": {"speedup": 9.48714962303275, "eficiencia": 3.1623832076775833}, "('0', '174600', '0')": {"speedup": 9.520874385842502, "eficiencia": 3.173624795280834}, "('0', '180000', '0')": {"speedup": 9.319233528508114, "eficiencia": 3.1064111761693716}}, "4": {"('0', '126000', '0')": {"speedup": 16.4641160345316, "eficiencia": 4.1160290086329}, "('0', '131400', '0')": {"speedup": 16.457802363677786, "eficiencia": 4.114450590919446}, "('0', '136800', '0')": {"speedup": 12.353993562226478, "eficiencia": 3.0884983905566195}, "('0', '142200', '0')": {"speedup": 16.950785732379693, "eficiencia": 4.237696433094923}, "('0', '147600', '0')": {"speedup": 17.002179787359783, "eficiencia": 4.250544946839946}, "('0', '153000', '0')": {"speedup": 16.923370416487835, "eficiencia": 4.230842604121959}, "('0', '158400', '0')": {"speedup": 16.231794617202915, "eficiencia": 4.057948654300729}, "('0', '163800', '0')": {"speedup": 16.956311249395753, "eficiencia": 4.239077812348938}, "('0', '169200', '0')": {"speedup": 16.82129038449982, "eficiencia": 4.205322596124955}, "('0', '174600', '0')": {"speedup": 16.758006269584502, "eficiencia": 4.189501567396126}, "('0', '180000', '0')": {"speedup": 16.888294928175714, "eficiencia": 4.2220737320439286}}, "6": {"('0', '126000', '0')": {"speedup": 37.653146740791456,