{"('0', '126000', '0')": {"2": {"mean_time": 7.912499555, "times": [{"time": 7.912499555}]}, "3": {"mean_time": 3.467773187, "times": [{"time": 3.467773187}]}, "4": {"mean_time": 1.951849582, "times": [{"time": 1.951849582}]}, "6": {"mean_time": 0.853460621, "times": [{"time": 0.853460621}]}, "8": {"mean_time": 0.748988065, "times": [{"time": 0.748988065}]}, "12": {"mean_time": 0.337948787, "times": [{"time": 0.337948787}]}}, "('0', '131400', '0')": {"2": {"mean_time": 8.637395965, "times": [{"time": 8.637395965}]}, "3": {"mean_time": 3.760997405, "times": [{"time": 3.760997405}]}, "4": {"mean_time": 2.155888266, "times": [{"time": 2.155888266}]}, "6": {"mean_time": 1.641737021, "times": [{"time": 1.641737021}]}, "8": {"mean_time": 0.81615609, "times": [{"time": 0.81615609}]}, "12": {"mean_time": 0.362424888, "times": [{"time": 0.362424888}]}}, "('0', '136800', '0')": {"2": {"mean_time": 9.38667719, "times": [{"time": 9.38667719}]}, "3": {"mean_time": 4.113880309, "times": [{"time": 4.113880309}]}, "4": {"mean_time": 3.199656516, "times": [{"time": 3.199656516}]}, "6": {"mean_time": 1.147955712, "times": [{"time": 1.147955712}]}, "8": {"mean_time": 0.880317277, "times": [{"time": 0.880317277}]}, "12": {"mean_time": 0.395196453, "times": [{"time": 0.395196453}]}}, "('0', '142200', '0')": {"2": {"mean_time": 10.157598365, "times": [{"time": 10.157598365}]}, "3": {"mean_time": 4.458108615, "times": [{"time": 4.458108615}]}, "4": {"mean_time": 2.46715873, "times": [{"time": 2.46715873}]}, "6": {"mean_time": 1.11784175, "times": [{"time": 1.11784175}]}, "8": {"mean_time": 0.954198352, "times": [{"time": 0.954198352}]}, "12": {"mean_time": 0.428751799, "times": [{"time": 0.428751799}]}}, "('0', '147600', '0')": {"2": {"mean_time": 10.959351364, "times": [{"time": 10.959351364}]}, "3": {"mean_time": 4.76993621, "times": [{"time": 4.76993621}]}, "4": {"mean_time": 2.677903867, "times": [{"time": 2.677903867}]}, "6": {"mean_time": 1.254355689, "times": [{"time": 1.254355689}]}, "8": {"mean_time": 1.033880037, "times": [{"time": 1.033880037}]}, "12": {"mean_time": 0.495853579, "times": [{"time": 0.495853579}]}}, "('0', '153000', '0')": {"2": {"mean_time": 11.927561651, "times": [{"time": 11.927561651}]}, "3": {"mean_time": 5.181211163, "times": [{"time": 5.181211163}]}, "4": {"mean_time": 2.870938519, "times": [{"time": 2.870938519}]}, "6": {"mean_time": 1.460330157, "times": [{"time": 1.460330157}]}, "8": {"mean_time": 1.107371946, "times": [{"time": 1.107371946}]}, "12": {"mean_time": 0.500895032, "times": [{"time": 0.500895032}]}}, "('0', '158400', '0')": {"2": {"mean_time": 13.011953316, "times": [{"time": 13.011953316}]}, "3": {"mean_time": 5.852167774, "times": [{"time": 5.852167774}]}, "4": {"mean_time": 3.259506373, "times": [{"time": 3.259506373}]}, "6": {"mean_time": 1.484300849, "times": [{"time": 1.484300849}]}, "8": {"mean_time": 1.189257394, "times": [{"time": 1.189257394}]}, "12": {"mean_time": 0.545467989, "times": [{"time": 0.545467989}]}}, "('0', '163800', '0')": {"2": {"mean_time": 13.591517756, "times": [{"time": 13.591517756}]}, "3": {"mean_time": 5.921423452, "times": [{"time": 5.921423452}]}, "4": {"mean_time": 3.339444067, "times": [{"time": 3.339444067}]}, "6": {"mean_time": 1.487029943, "times": [{"time": 1.487029943}]}, "8": {"mean_time": 1.270841934, "times": [{"time": 1.270841934}]}, "12": {"mean_time": 0.564079735, "times": [{"time": 0.564079735}]}}, "('0', '169200', '0')": {"2": {"mean_time": 14.534266452, "times": [{"time": 14.534266452}]}, "3": {"mean_time": 6.3492651, "times": [{"time": 6.3492651}]}, "4": {"mean_time": 3.580963566, "times": [{"time": 3.580963566}]}, "6": {"mean_time": 1.623880725, "times": [{"time": 1.623880725}]}, "8": {"mean_time": 1.361937893, "times": [{"time": 1.361937893}]}, "12": {"mean_time": 0.638337368, "times": [{"time": 0.638337368}]}}, "('0', '174600', '0')": {"2": {"mean_time": 15.544005697, "times": [{"time": 15.544005697}]}, "3": {"mean_time": 6.751031722, "times": [{"time": 6.751031722}]}, "4": {"mean_time": 3.835523389, "times": [{"time": 3.835523389}]}, "6": {"mean_time": 1.757791882, "times": [{"time": 1.757791882}]}, "8": {"mean_time": 1.441997295, "times": [{"time": 1.441997295}]}, "12": {"mean_time": 0.644438217, "times": [{"time": 0.644438217}]}}, "('0', '180000', '0')": {"2": {"mean_time": 16.461663281, "times": [{"time": 16.461663281}]}, "3": {"mean_time": 7.303592918, "times": [{"time": 7.303592918}]}, "4": {"mean_time": 4.03024037, "times": [{"time": 4.03024037}]}, "6": {"mean_time": 1.815276971, "times": [{"time": 1.815276971}]}, "8": {"mean_time": 1.540510334, "times": [{"time": 1.540510334}]}, "12": {"mean_time": 0.694640277, "times": [{"time": 0.694640277}]}}}