{"('0', '126000', '0')": {"mean_time": 32.135478, "times": [{"time": 32.135478}]}, "('0', '131400', '0')": {"mean_time": 35.481183, "times": [{"time": 35.481183}]}, "('0', '136800', '0')": {"mean_time": 39.528536, "times": [{"time": 39.528536}]}, "('0', '142200', '0')": {"mean_time": 41.820279, "times": [{"time": 41.820279}]}, "('0', '147600', '0')": {"mean_time": 45.530203, "times": [{"time": 45.530203}]}, "('0', '153000', '0')": {"mean_time": 48.585956, "times": [{"time": 48.585956}]}, "('0', '158400', '0')": {"mean_time": 52.907638, "times": [{"time": 52.907638}]}, "('0', '163800', '0')": {"mean_time": 56.624653, "times": [{"time": 56.624653}]}, "('0', '169200', '0')": {"mean_time": 60.236428, "times": [{"time": 60.236428}]}, "('0', '174600', '0')": {"mean_time": 64.275725, "times": [{"time": 64.275725}]}, "('0', '180000', '0')": {"mean_time": 68.063888, "times": [{"time": 68.063888}]}}