{"v1": {"('0', '2200000000')": {"2": {"speedup": 1.9269885385159655, "eficiencia": 0.9634942692579828}, "3": {"speedup": 3.2340216543472353, "eficiencia": 1.0780072181157452}, "4": {"speedup": 4.306249845679537, "eficiencia": 1.0765624614198843}, "6": {"speedup": 6.229753919914511, "eficiencia": 1.0382923199857519}, "8": {"speedup": 7.463188500425077, "eficiencia": 0.9328985625531346}, "12": {"speedup": 11.013634290646733, "eficiencia": 0.9178028575538945}}, "('0', '2400000000')": {"2": {"speedup": 1.9330342568581689, "eficiencia": 0.9665171284290844}, "3": {"speedup": 3.2441392986917656, "eficiencia": 1.0813797662305886}, "4": {"speedup": 4.3208730323425675, "eficiencia": 1.0802182580856419}, "6": {"speedup": 6.242867142655221, "eficiencia": 1.0404778571092035}, "8": {"speedup": 7.479040241580123, "eficiencia": 0.9348800301975154}, "12": {"speedup": 11.116572505577222, "eficiencia": 0.9263810421314352}}, "('0', '2600000000')": {"2": {"speedup": 1.9303044394562094, "eficiencia": 0.9651522197281047}, "3": {"speedup": 3.232610212720182, "eficiencia": 1.077536737573394}, "4": {"speedup": 4.306906887364318, "eficiencia": 1.0767267218410794}, "6": {"speedup": 6.240563194974574, "eficiencia": 1.0400938658290957}, "8": {"speedup": 7.470256868908825, "eficiencia": 0.9337821086136031}, "12": {"speedup": 11.10628966261369, "eficiencia": 0.9255241385511409}}, "('0', '2800000000')": {"2": {"speedup": 1.9274059811869986, "eficiencia": 0.9637029905934993}, "3": {"speedup": 3.234212604525228, "eficiencia": 1.078070868175076}, "4": {"speedup": 4.307042799360042, "eficiencia": 1.0767606998400105}, "6": {"speedup": 6.2497241982534755, "eficiencia": 1.0416206997089126}, "8": {"speedup": 7.450778899895404, "eficiencia": 0.9313473624869255}, "12": {"speedup": 11.08680679439399, "eficiencia": 0.9239005661994991}}, "('0', '3000000000')": {"2": {"speedup": 1.9226639986992526, "eficiencia": 0.9613319993496263}, "3": {"speedup": 3.223140681902931, "eficiencia": 1.074380227300977}, "4": {"speedup": 4.29877812846308, "eficiencia": 1.07469453211577}, "6": {"speedup": 6.241834277899592, "eficiencia": 1.0403057129832654}, "8": {"speedup": 7.446708088251198, "eficiencia": 0.9308385110313997}, "12": {"speedup": 11.063315181640784, "eficiencia": 0.9219429318033986}}, "('0', '3200000000')": {"2": {"speedup": 1.9194964676228479, "eficiencia": 0.9597482338114239}, "3": {"speedup": 3.2216906772445832, "eficiencia": 1.073896892414861}, "4": {"speedup": 4.294643627458256, "eficiencia": 1.073660906864564}, "6": {"speedup": 6.219261845442012, "eficiencia": 1.036543640907002}, "8": {"speedup": 7.4294132641614405, "eficiencia": 0.9286766580201801}, "12": {"speedup": 11.046685294752649, "eficiencia": 0.920557107896054}}, "('0', '3400000000')": {"2": {"speedup": 1.9190351041059117, "eficiencia": 0.9595175520529559}, "3": {"speedup": 3.2193837032128707, "eficiencia": 1.073127901070957}, "4": {"speedup": 4.290957543628433, "eficiencia": 1.0727393859071082}, "6": {"speedup": 6.227337043343033, "eficiencia": 1.0378895072238388}, "8": {"speedup": 7.42680122041729, "eficiencia": 0.9283501525521612}, "12": {"speedup": 11.038698502016898, "eficiencia": 0.9198915418347414}}, "('0', '3600000000')": {"2": {"speedup": 1.9150740074787584, "eficiencia": 0.9575370037393792}, "3": {"speedup": 3.217253708137492, "eficiencia": 1.0724179027124974}, "4": {"speedup": 4.280845638575618, "eficiencia": 1.0702114096439046}, "6": {"speedup": 6.175653254025547, "eficiencia": 1.0292755423375912}, "8": {"speedup": 7.413849453446275, "eficiencia": 0.9267311816807844}, "12": {"speedup": 11.021662905549848, "eficiencia": 0.9184719087958206}}, "('0', '3800000000')": {"2": {"speedup": 1.9167633622380547, "eficiencia": 0.9583816811190273}, "3": {"speedup": 3.218149124514295, "eficiencia": 1.0727163748380983}, "4": {"speedup": 4.278316807571693, "eficiencia": 1.0695792018929233}, "6": {"speedup": 6.222588071949491, "eficiencia": 1.0370980119915818}, "8": {"speedup": 7.436824230962173, "eficiencia": 0.9296030288702716}, "12": {"speedup": 11.03531258803184, "eficiencia": 0.9196093823359867}}, "('0', '4000000000')": {"2": {"speedup": 1.9176937614803018, "eficiencia": 0.9588468807401509}, "3": {"speedup": 3.2213266343555906, "eficiencia": 1.0737755447851969}, "4": {"speedup": 4.290366440277196, "eficiencia": 1.072591610069299}, "6": {"speedup": 6.233886331520749, "eficiencia": 1.0389810552534582}, "8": {"speedup": 7.4214836205107995, "eficiencia": 0.9276854525638499}, "12": {"speedup": 11.040045305589015, "eficiencia": 0.9200037754657512}}, "('0', '4200000000')": {"2": {"speedup": 1.9153400598359, "eficiencia": 0.95767002991795}, "3": {"speedup": 3.219841218242242, "eficiencia": 1.0732804060807473}, "4": {"speedup": 4.28822368980433, "eficiencia": 1.0720559224510826}, "6": {"speedup": 6.216777350417944, "eficiencia": 1.0361295584029906}, "8": {"speedup": 7.425944053012154, "eficiencia": 0.9282430066265193}, "12": {"speedup": 11.035387120212592, "eficiencia": 0.9196155933510494}}, "('0', '4400000000')": {"2": {"speedup": 1.9089100682089883, "eficiencia": 0.9544550341044942}, "3": {"speedup": 3.203894360689594, "eficiencia": 1.0679647868965314}, "4": {"speedup": 4.2670608801917655, "eficiencia": 1.0667652200479414}, "6": {"speedup": 6.193116317107668, "eficiencia": 1.032186052851278}, "8": {"speedup": 7.397299615023651, "eficiencia": 0.9246624518779564}, "12": {"speedup": 10.988558018236692, "eficiencia": 0.9157131681863909}}}, "v2": {"2": {"('0', '2200000000')": {"speedup": 1.9269885385159655, "eficiencia": 0.9634942692579828}, "('0', '2400000000')": {"speedup": 1.9330342568581689, "eficiencia": 0.9665171284290844}, "('0', '2600000000')": {"speedup": 1.9303044394562094, "eficiencia": 0.9651522197281047}, "('0', '2800000000')": {"speedup": 1.9274059811869986, "eficiencia": 0.9637029905934993}, "('0', '3000000000')": {"speedup": 1.9226639986992526, "eficiencia": 0.9613319993496263}, "('0', '3200000000')": {"speedup": 1.9194964676228479, "eficiencia": 0.9597482338114239}, "('0', '3400000000')": {"speedup": 1.9190351041059117, "eficiencia": 0.9595175520529559}, "('0', '3600000000')": {"speedup": 1.9150740074787584, "eficiencia": 0.9575370037393792}, "('0', '3800000000')": {"speedup": 1.9167633622380547, "eficiencia": 0.9583816811190273}, "('0', '4000000000')": {"speedup": 1.9176937614803018, "eficiencia": 0.9588468807401509}, "('0', '4200000000')": {"speedup": 1.9153400598359, "eficiencia": 0.95767002991795}, "('0', '4400000000')": {"speedup": 1.9089100682089883, "eficiencia": 0.9544550341044942}}, "3": {"('0', '2200000000')": {"speedup": 3.2340216543472353, "eficiencia": 1.0780072181157452}, "('0', '2400000000')": {"speedup": 3.2441392986917656, "eficiencia": 1.0813797662305886}, "('0', '2600000000')": {"speedup": 3.232610212720182, "eficiencia": 1.077536737573394}, "('0', '2800000000')": {"speedup": 3.234212604525228, "eficiencia": 1.078070868175076}, "('0', '3000000000')": {"speedup": 3.223140681902931, "eficiencia": 1.074380227300977}, "('0', '3200000000')": {"speedup": 3.2216906772445832, "eficiencia": 1.073896892414861}, "('0', '3400000000')": {"speedup": 3.2193837032128707, "eficiencia": 1.073127901070957}, "('0', '3600000000')": {"speedup": 3.217253708137492, "eficiencia": 1.0724179027124974}, "('0', '3800000000')": {"speedup": 3.218149124514295, "eficiencia": 1.0727163748380983}, "('0', '4000000000')": {"speedup": 3.2213266343555906, "eficiencia": 1.0737755447851969}, "('0', '4200000000')": {"speedup": 3.219841218242242, "eficiencia": 1.0732804060807473}, "('0', '4400000000')": {"speedup": 3.203894360689594, "eficiencia": 1.0679647868965314}}, "4": {"('0', '2200000000')": {"speedup": 4.306249845679537, "eficiencia": 1.0765624614198843}, "('0', '2400000000')": {"speedup": 4.3208730323425675, "eficiencia": 1.0802182580856419}, "('0', '2600000000')": {"speedup": 4.306906887364318, "eficiencia": 1.0767267218410794}, "('0', '2800000000')": {"speedup": 4.307042799360042, "eficiencia": 1.0767606998400105},