{"v1": {"('0', '2200000000')": {"2": {"speedup": 1.9286671120447336, "eficiencia": 0.9643335560223668}, "3": {"speedup": 3.237585867208679, "eficiencia": 1.0791952890695595}, "4": {"speedup": 4.310739924673532, "eficiencia": 1.077684981168383}, "6": {"speedup": 6.233071711021686, "eficiencia": 1.038845285170281}, "8": {"speedup": 7.473191658418437, "eficiencia": 0.9341489573023046}, "12": {"speedup": 11.101112859299834, "eficiencia": 0.9250927382749862}}, "('0', '2400000000')": {"2": {"speedup": 1.9405790991078617, "eficiencia": 0.9702895495539309}, "3": {"speedup": 3.2571386883278213, "eficiencia": 1.0857128961092737}, "4": {"speedup": 4.337919564632358, "eficiencia": 1.0844798911580895}, "6": {"speedup": 6.264022750900462, "eficiencia": 1.0440037918167435}, "8": {"speedup": 7.507285056154782, "eficiencia": 0.9384106320193477}, "12": {"speedup": 11.165703343776915, "eficiencia": 0.9304752786480762}}, "('0', '2600000000')": {"2": {"speedup": 1.9356914439751831, "eficiencia": 0.9678457219875916}, "3": {"speedup": 3.249080489189405, "eficiencia": 1.0830268297298018}, "4": {"speedup": 4.328070851723358, "eficiencia": 1.0820177129308395}, "6": {"speedup": 6.26480807786187, "eficiencia": 1.044134679643645}, "8": {"speedup": 7.491920968673151, "eficiencia": 0.9364901210841439}, "12": {"speedup": 11.138407279135967, "eficiencia": 0.9282006065946639}}, "('0', '2800000000')": {"2": {"speedup": 1.9313634275003186, "eficiencia": 0.9656817137501593}, "3": {"speedup": 3.241397331539893, "eficiencia": 1.0804657771799644}, "4": {"speedup": 4.317734209625339, "eficiencia": 1.0794335524063348}, "6": {"speedup": 6.271332755775993, "eficiencia": 1.0452221259626655}, "8": {"speedup": 7.465890221735714, "eficiencia": 0.9332362777169643}, "12": {"speedup": 11.111369915751776, "eficiencia": 0.9259474929793147}}, "('0', '3000000000')": {"2": {"speedup": 1.9241397114986178, "eficiencia": 0.9620698557493089}, "3": {"speedup": 3.2297609800818754, "eficiencia": 1.0765869933606251}, "4": {"speedup": 4.302454907375425, "eficiencia": 1.0756137268438561}, "6": {"speedup": 6.245818477068674, "eficiencia": 1.0409697461781124}, "8": {"speedup": 7.453406655356872, "eficiencia": 0.931675831919609}, "12": {"speedup": 11.072799429560709, "eficiencia": 0.9227332857967258}}, "('0', '3200000000')": {"2": {"speedup": 1.9192948295341254, "eficiencia": 0.9596474147670627}, "3": {"speedup": 3.2218782705824824, "eficiencia": 1.073959423527494}, "4": {"speedup": 4.294699761728364, "eficiencia": 1.073674940432091}, "6": {"speedup": 6.215512915057411, "eficiencia": 1.0359188191762352}, "8": {"speedup": 7.4290073524524, "eficiencia": 0.92862591905655}, "12": {"speedup": 11.047370469574481, "eficiencia": 0.9206142057978735}}, "('0', '3400000000')": {"2": {"speedup": 1.917725492127838, "eficiencia": 0.958862746063919}, "3": {"speedup": 3.2187387027771512, "eficiencia": 1.072912900925717}, "4": {"speedup": 4.289277548857435, "eficiencia": 1.0723193872143588}, "6": {"speedup": 6.224141723254024, "eficiencia": 1.0373569538756706}, "8": {"speedup": 7.424373353525018, "eficiencia": 0.9280466691906273}, "12": {"speedup": 11.038220720844258, "eficiencia": 0.9198517267370215}}, "('0', '3600000000')": {"2": {"speedup": 1.9125081910286714, "eficiencia": 0.9562540955143357}, "3": {"speedup": 3.2114219573362823, "eficiencia": 1.0704739857787609}, "4": {"speedup": 4.278172557510213, "eficiencia": 1.0695431393775532}, "6": {"speedup": 6.185507151911794, "eficiencia": 1.0309178586519656}, "8": {"speedup": 7.4056714274362925, "eficiencia": 0.9257089284295366}, "12": {"speedup": 11.008479994344746, "eficiencia": 0.9173733328620622}}, "('0', '3800000000')": {"2": {"speedup": 1.9151137433921568, "eficiencia": 0.9575568716960784}, "3": {"speedup": 3.2160615623463586, "eficiencia": 1.0720205207821196}, "4": {"speedup": 4.276134579535512, "eficiencia": 1.069033644883878}, "6": {"speedup": 6.220394563857571, "eficiencia": 1.0367324273095953}, "8": {"speedup": 7.419293034467701, "eficiencia": 0.9274116293084627}, "12": {"speedup": 11.025734091762498, "eficiencia": 0.9188111743135415}}, "('0', '4000000000')": {"2": {"speedup": 1.9156167875185266, "eficiencia": 0.9578083937592633}, "3": {"speedup": 3.2160475279249163, "eficiencia": 1.0720158426416388}, "4": {"speedup": 4.286905075031419, "eficiencia": 1.0717262687578548}, "6": {"speedup": 6.231534914697877, "eficiencia": 1.0385891524496462}, "8": {"speedup": 7.416409768268771, "eficiencia": 0.9270512210335964}, "12": {"speedup": 11.029587914119496, "eficiencia": 0.9191323261766247}}, "('0', '4200000000')": {"2": {"speedup": 1.9156358833012423, "eficiencia": 0.9578179416506212}, "3": {"speedup": 3.21707785596807, "eficiencia": 1.07235928532269}, "4": {"speedup": 4.285901844378099, "eficiencia": 1.0714754610945247}, "6": {"speedup": 6.216509245759062, "eficiencia": 1.036084874293177}, "8": {"speedup": 7.421834087230202, "eficiencia": 0.9277292609037753}, "12": {"speedup": 11.028971578172357, "eficiencia": 0.9190809648476964}}, "('0', '4400000000')": {"2": {"speedup": 1.9032747230457485, "eficiencia": 0.9516373615228743}, "3": {"speedup": 3.1960800387815884, "eficiencia": 1.065360012927196}, "4": {"speedup": 4.257694885614865, "eficiencia": 1.0644237214037162}, "6": {"speedup": 6.177240754175042, "eficiencia": 1.0295401256958403}, "8": {"speedup": 7.375266494445343, "eficiencia": 0.9219083118056679}, "12": {"speedup": 10.957908658216457, "eficiencia": 0.9131590548513714}}}, "v2": {"2": {"('0', '2200000000')": {"speedup": 1.9286671120447336, "eficiencia": 0.9643335560223668}, "('0', '2400000000')": {"speedup": 1.9405790991078617, "eficiencia": 0.9702895495539309}, "('0', '2600000000')": {"speedup": 1.9356914439751831, "eficiencia": 0.9678457219875916}, "('0', '2800000000')": {"speedup": 1.9313634275003186, "eficiencia": 0.9656817137501593}, "('0', '3000000000')": {"speedup": 1.9241397114986178, "eficiencia": 0.9620698557493089}, "('0', '3200000000')": {"speedup": 1.9192948295341254, "eficiencia": 0.9596474147670627}, "('0', '3400000000')": {"speedup": 1.917725492127838, "eficiencia": 0.958862746063919}, "('0', '3600000000')": {"speedup": 1.9125081910286714, "eficiencia": 0.9562540955143357}, "('0', '3800000000')": {"speedup": 1.9151137433921568, "eficiencia": 0.9575568716960784}, "('0', '4000000000')": {"speedup": 1.9156167875185266, "eficiencia": 0.9578083937592633}, "('0', '4200000000')": {"speedup": 1.9156358833012423, "eficiencia": 0.9578179416506212}, "('0', '4400000000')": {"speedup": 1.9032747230457485, "eficiencia": 0.9516373615228743}}, "3": {"('0', '2200000000')": {"speedup": 3.237585867208679, "eficiencia": 1.0791952890695595}, "('0', '2400000000')": {"speedup": 3.2571386883278213, "eficiencia": 1.0857128961092737}, "('0', '2600000000')": {"speedup": 3.249080489189405, "eficiencia": 1.0830268297298018}, "('0', '2800000000')": {"speedup": 3.241397331539893, "eficiencia": 1.0804657771799644}, "('0', '3000000000')": {"speedup": 3.2297609800818754, "eficiencia": 1.0765869933606251}, "('0', '3200000000')": {"speedup": 3.2218782705824824, "eficiencia": 1.073959423527494}, "('0', '3400000000')": {"speedup": 3.2187387027771512, "eficiencia": 1.072912900925717}, "('0', '3600000000')": {"speedup": 3.2114219573362823, "eficiencia": 1.0704739857787609}, "('0', '3800000000')": {"speedup": 3.2160615623463586, "eficiencia": 1.0720205207821196}, "('0', '4000000000')": {"speedup": 3.2160475279249163, "eficiencia": 1.0720158426416388}, "('0', '4200000000')": {"speedup": 3.21707785596807, "eficiencia": 1.07235928532269}, "('0', '4400000000')": {"speedup": 3.1960800387815884, "eficiencia": 1.065360012927196}}, "4": {"('0', '2200000000')": {"speedup": 4.310739924673532, "eficiencia": 1.077684981168383}, "('0', '2400000000')": {"speedup": 4.337919564632358, "eficiencia": 1.0844798911580895}, "('0', '2600000000')": {"speedup": 4.328070851723358, "eficiencia": 1.0820177129308395}, "('0', '2800000000')": {"speedup": 4.317734209625339, "eficiencia": 1.0794335524063348},