{"v1": {"('0', '126000', '0')": {"2": {"speedup": 1.095656058100394, "eficiencia": 0.547828029050197}, "3": {"speedup": 0.9613847774355203, "eficiencia": 0.32046159247850675}, "4": {"speedup": 1.2886916799297343, "eficiencia": 0.3221729199824336}, "6": {"speedup": 1.753139433139088, "eficiencia": 0.2921899055231813}, "8": {"speedup": 1.628809319881997, "eficiencia": 0.20360116498524963}, "12": {"speedup": 2.2760200204897005, "eficiencia": 0.18966833504080838}}, "('0', '131400', '0')": {"2": {"speedup": 1.1037367752324312, "eficiencia": 0.5518683876162156}, "3": {"speedup": 0.9708661217946738, "eficiencia": 0.3236220405982246}, "4": {"speedup": 1.301512628728537, "eficiencia": 0.32537815718213425}, "6": {"speedup": 1.8735291060576027, "eficiencia": 0.31225485100960043}, "8": {"speedup": 1.6642437627234996, "eficiencia": 0.20803047034043745}, "12": {"speedup": 2.2905410837437272, "eficiencia": 0.1908784236453106}}, "('0', '136800', '0')": {"2": {"speedup": 1.103981759930071, "eficiencia": 0.5519908799650355}, "3": {"speedup": 0.9676051378802292, "eficiencia": 0.32253504596007637}, "4": {"speedup": 1.303585971418722, "eficiencia": 0.3258964928546805}, "6": {"speedup": 1.8785441239716332, "eficiencia": 0.3130906873286055}, "8": {"speedup": 1.6360461673349853, "eficiencia": 0.20450577091687316}, "12": {"speedup": 2.313877491077181, "eficiencia": 0.19282312425643175}}, "('0', '142200', '0')": {"2": {"speedup": 1.1012202980986663, "eficiencia": 0.5506101490493331}, "3": {"speedup": 0.9687823935941657, "eficiencia": 0.3229274645313886}, "4": {"speedup": 1.3005081360312232, "eficiencia": 0.3251270340078058}, "6": {"speedup": 1.813626694533642, "eficiencia": 0.302271115755607}, "8": {"speedup": 1.6664000817122286, "eficiencia": 0.20830001021402858}, "12": {"speedup": 2.2941011215479867, "eficiencia": 0.19117509346233222}}, "('0', '147600', '0')": {"2": {"speedup": 1.1033847408172446, "eficiencia": 0.5516923704086223}, "3": {"speedup": 0.9685784866833487, "eficiencia": 0.3228594955611162}, "4": {"speedup": 1.3019402701510294, "eficiencia": 0.32548506753775736}, "6": {"speedup": 1.8489081059796324, "eficiencia": 0.3081513509966054}, "8": {"speedup": 1.6400598256683252, "eficiencia": 0.20500747820854065}, "12": {"speedup": 2.3086992656825367, "eficiencia": 0.19239160547354472}}, "('0', '153000', '0')": {"2": {"speedup": 1.1032295476718315, "eficiencia": 0.5516147738359157}, "3": {"speedup": 0.9705593563914857, "eficiencia": 0.3235197854638286}, "4": {"speedup": 1.3031751108823437, "eficiencia": 0.32579377772058593}, "6": {"speedup": 1.8759624999105966, "eficiencia": 0.3126604166517661}, "8": {"speedup": 1.656331409405361, "eficiencia": 0.20704142617567012}, "12": {"speedup": 2.315218830855133, "eficiencia": 0.19293490257126109}}, "('0', '158400', '0')": {"2": {"speedup": 1.10216175463034, "eficiencia": 0.55108087731517}, "3": {"speedup": 0.9703095555759156, "eficiencia": 0.3234365185253052}, "4": {"speedup": 1.3028764126182877, "eficiencia": 0.3257191031545719}, "6": {"speedup": 1.8769714871371932, "eficiencia": 0.3128285811895322}, "8": {"speedup": 1.6517969235499717, "eficiencia": 0.20647461544374646}, "12": {"speedup": 2.3101799065959274, "eficiencia": 0.19251499221632729}}, "('0', '163800', '0')": {"2": {"speedup": 1.1046700464460832, "eficiencia": 0.5523350232230416}, "3": {"speedup": 0.9722246590299342, "eficiencia": 0.3240748863433114}, "4": {"speedup": 1.304646791902422, "eficiencia": 0.3261616979756055}, "6": {"speedup": 1.8760375969302756, "eficiencia": 0.3126729328217126}, "8": {"speedup": 1.7027696958563632, "eficiencia": 0.2128462119820454}, "12": {"speedup": 2.30474040009481, "eficiencia": 0.19206170000790082}}, "('0', '169200', '0')": {"2": {"speedup": 1.1099321264085524, "eficiencia": 0.5549660632042762}, "3": {"speedup": 0.9764758617166046, "eficiencia": 0.32549195390553487}, "4": {"speedup": 1.3128161585272289, "eficiencia": 0.3282040396318072}, "6": {"speedup": 1.851378115223765, "eficiencia": 0.30856301920396084}, "8": {"speedup": 1.6735109295349802, "eficiencia": 0.20918886619187252}, "12": {"speedup": 2.317422393255139, "eficiencia": 0.1931185327712616}}, "('0', '174600', '0')": {"2": {"speedup": 1.1172568216397996, "eficiencia": 0.5586284108198998}, "3": {"speedup": 0.9850900022364096, "eficiencia": 0.3283633340788032}, "4": {"speedup": 1.3227035762821755, "eficiencia": 0.3306758940705439}, "6": {"speedup": 1.8902614559230435, "eficiencia": 0.3150435759871739}, "8": {"speedup": 1.71816218791572, "eficiencia": 0.214770273489465}, "12": {"speedup": 2.346319419206828, "eficiencia": 0.1955266182672357}}, "('0', '180000', '0')": {"2": {"speedup": 1.1276621604662194, "eficiencia": 0.5638310802331097}, "3": {"speedup": 0.9935946616085262, "eficiencia": 0.33119822053617537}, "4": {"speedup": 1.3334725752867107, "eficiencia": 0.3333681438216777}, "6": {"speedup": 1.9129085028381925, "eficiencia": 0.3188180838063654}, "8": {"speedup": 1.7303262839099705, "eficiencia": 0.2162907854887463}, "12": {"speedup": 2.3553698058246506, "eficiencia": 0.19628081715205423}}}, "v2": {"2": {"('0', '126000', '0')": {"speedup": 1.095656058100394, "eficiencia": 0.547828029050197}, "('0', '131400', '0')": {"speedup": 1.1037367752324312, "eficiencia": 0.5518683876162156}, "('0', '136800', '0')": {"speedup": 1.103981759930071, "eficiencia": 0.5519908799650355}, "('0', '142200', '0')": {"speedup": 1.1012202980986663, "eficiencia": 0.5506101490493331}, "('0', '147600', '0')": {"speedup": 1.1033847408172446, "eficiencia": 0.5516923704086223}, "('0', '153000', '0')": {"speedup": 1.1032295476718315, "eficiencia": 0.5516147738359157}, "('0', '158400', '0')": {"speedup": 1.10216175463034, "eficiencia": 0.55108087731517}, "('0', '163800', '0')": {"speedup": 1.1046700464460832, "eficiencia": 0.5523350232230416}, "('0', '169200', '0')": {"speedup": 1.1099321264085524, "eficiencia": 0.5549660632042762}, "('0', '174600', '0')": {"speedup": 1.1172568216397996, "eficiencia": 0.5586284108198998}, "('0', '180000', '0')": {"speedup": 1.1276621604662194, "eficiencia": 0.5638310802331097}}, "3": {"('0', '126000', '0')": {"speedup": 0.9613847774355203, "eficiencia": 0.32046159247850675}, "('0', '131400', '0')": {"speedup": 0.9708661217946738, "eficiencia": 0.3236220405982246}, "('0', '136800', '0')": {"speedup": 0.9676051378802292, "eficiencia": 0.32253504596007637}, "('0', '142200', '0')": {"speedup": 0.9687823935941657, "eficiencia": 0.3229274645313886}, "('0', '147600', '0')": {"speedup": 0.9685784866833487, "eficiencia": 0.3228594955611162}, "('0', '153000', '0')": {"speedup": 0.9705593563914857, "eficiencia": 0.3235197854638286}, "('0', '158400', '0')": {"speedup": 0.9703095555759156, "eficiencia": 0.3234365185253052}, "('0', '163800', '0')": {"speedup": 0.9722246590299342, "eficiencia": 0.3240748863433114}, "('0', '169200', '0')": {"speedup": 0.9764758617166046, "eficiencia": 0.32549195390553487}, "('0', '174600', '0')": {"speedup": 0.9850900022364096, "eficiencia": 0.3283633340788032}, "('0', '180000', '0')": {"speedup": 0.9935946616085262, "eficiencia": 0.33119822053617537}}, "4": {"('0', '126000', '0')": {"speedup": 1.2886916799297343, "eficiencia": 0.3221729199824336}, "('0', '131400', '0')": {"speedup": 1.301512628728537, "eficiencia": 0.32537815718213425}, "('0', '136800', '0')": {"speedup": 1.303585971418722, "eficiencia": 0.3258964928546805}, "('0', '142200', '0')": {"speedup": 1.3005081360312232, "eficiencia": 0.3251270340078058}, "('0', '147600', '0')": {"speedup": 1.3019402701510294, "eficiencia": 0.32548506753775736}, "('0', '153000', '0')": {"speedup": 1.3031751108823437, "eficiencia": 0.32579377772058593}, "('0', '158400', '0')": {"speedup": 1.3028764126182877, "eficiencia": 0.3257191031545719}, "('0', '163800', '0')": {"speedup": 1.304646791902422, "eficiencia": 0.3261616979756055}, "('0', '169200', '0')": {"speedup": 1.3128161585272289, "eficiencia": 0.3282040396318072}, "('0', '174600', '0')": {"speedup": 1.3227035762821755, "eficiencia": 0.3306758940705439},