{"v1": {"('0', '126000', '0')": {"2": {"speedup": 4.041817603319325, "eficiencia": 2.0209088016596626}, "3": {"speedup": 9.262603483413772, "eficiencia": 3.087534494471257}, "4": {"speedup": 16.61987708066183, "eficiencia": 4.1549692701654575}, "6": {"speedup": 34.34273570346433, "eficiencia": 5.723789283910722}, "8": {"speedup": 42.97796424576193, "eficiencia": 5.3722455307202415}, "12": {"speedup": 95.84855110707144, "eficiencia": 7.98737925892262}}, "('0', '131400', '0')": {"2": {"speedup": 4.08211285646544, "eficiencia": 2.04105642823272}, "3": {"speedup": 9.12301553746567, "eficiencia": 3.0410051791552237}, "4": {"speedup": 16.722455591224993, "eficiencia": 4.180613897806248}, "6": {"speedup": 34.01619467991962, "eficiencia": 5.669365779986603}, "8": {"speedup": 43.25809632991539, "eficiencia": 5.407262041239424}, "12": {"speedup": 96.62446103150684, "eficiencia": 8.052038419292236}}, "('0', '136800', '0')": {"2": {"speedup": 4.085293581588782, "eficiencia": 2.042646790794391}, "3": {"speedup": 9.352319226215592, "eficiencia": 3.117439742071864}, "4": {"speedup": 16.732927724133127, "eficiencia": 4.183231931033282}, "6": {"speedup": 34.4781726361201, "eficiencia": 5.746362106020016}, "8": {"speedup": 43.476415514817056, "eficiencia": 5.434551939352132}, "12": {"speedup": 96.59997786646078, "eficiencia": 8.049998155538399}}, "('0', '142200', '0')": {"2": {"speedup": 4.057009655153593, "eficiencia": 2.0285048275767963}, "3": {"speedup": 9.295775686589703, "eficiencia": 3.098591895529901}, "4": {"speedup": 16.65469394322943, "eficiencia": 4.163673485807357}, "6": {"speedup": 35.286966853330185, "eficiencia": 5.881161142221697}, "8": {"speedup": 43.19646233660385, "eficiencia": 5.399557792075481}, "12": {"speedup": 96.66778894072736, "eficiencia": 8.055649078393946}}, "('0', '147600', '0')": {"2": {"speedup": 4.0658808990257285, "eficiencia": 2.0329404495128642}, "3": {"speedup": 9.322741064200986, "eficiencia": 3.107580354733662}, "4": {"speedup": 16.679730843066846, "eficiencia": 4.1699327107667115}, "6": {"speedup": 35.08560289006076, "eficiencia": 5.8476004816767935}, "8": {"speedup": 43.06253147339653, "eficiencia": 5.382816434174567}, "12": {"speedup": 96.67233574578086, "eficiencia": 8.056027978815072}}, "('0', '153000', '0')": {"2": {"speedup": 4.061726742066036, "eficiencia": 2.030863371033018}, "3": {"speedup": 9.281280039811655, "eficiencia": 3.093760013270552}, "4": {"speedup": 16.639495195255787, "eficiencia": 4.159873798813947}, "6": {"speedup": 34.784277399015615, "eficiencia": 5.797379566502602}, "8": {"speedup": 43.288172662753354, "eficiencia": 5.411021582844169}, "12": {"speedup": 96.69556723681593, "eficiencia": 8.057963936401327}}, "('0', '158400', '0')": {"2": {"speedup": 4.060298070577821, "eficiencia": 2.0301490352889107}, "3": {"speedup": 9.252647878633216, "eficiencia": 3.084215959544405}, "4": {"speedup": 16.685551893785764, "eficiencia": 4.171387973446441}, "6": {"speedup": 34.863211768512386, "eficiencia": 5.810535294752064}, "8": {"speedup": 43.19441405624583, "eficiencia": 5.399301757030729}, "12": {"speedup": 96.71655708774485, "eficiencia": 8.059713090645404}}, "('0', '163800', '0')": {"2": {"speedup": 4.0511513161257255, "eficiencia": 2.0255756580628628}, "3": {"speedup": 9.268143930717388, "eficiencia": 3.0893813102391294}, "4": {"speedup": 16.603242003995227, "eficiencia": 4.150810500998807}, "6": {"speedup": 35.41075450579104, "eficiencia": 5.90179241763184}, "8": {"speedup": 43.081467624053275, "eficiencia": 5.385183453006659}, "12": {"speedup": 96.3456131251115, "eficiencia": 8.028801093759292}}, "('0', '169200', '0')": {"2": {"speedup": 4.062561570578229, "eficiencia": 2.0312807852891144}, "3": {"speedup": 9.272055306716558, "eficiencia": 3.0906851022388526}, "4": {"speedup": 16.76325544581023, "eficiencia": 4.190813861452558}, "6": {"speedup": 35.538379305810054, "eficiencia": 5.923063217635009}, "8": {"speedup": 43.2235300328281, "eficiencia": 5.402941254103513}, "12": {"speedup": 96.63827103641408, "eficiencia": 8.053189253034507}}, "('0', '174600', '0')": {"2": {"speedup": 4.095580491413788, "eficiencia": 2.047790245706894}, "3": {"speedup": 9.347802864512028, "eficiencia": 3.115934288170676}, "4": {"speedup": 16.815281432988424, "eficiencia": 4.203820358247106}, "6": {"speedup": 35.38012876578893, "eficiencia": 5.896688127631489}, "8": {"speedup": 43.20903426521599, "eficiencia": 5.401129283151999}, "12": {"speedup": 96.8488535481557, "eficiencia": 8.070737795679642}}, "('0', '180000', '0')": {"2": {"speedup": 4.1256785743032, "eficiencia": 2.0628392871516}, "3": {"speedup": 9.437213305563866, "eficiencia": 3.1457377685212884}, "4": {"speedup": 16.928255478459842, "eficiencia": 4.232063869614961}, "6": {"speedup": 35.68599923223028, "eficiencia": 5.947666538705047}, "8": {"speedup": 43.606995666326995, "eficiencia": 5.450874458290874}, "12": {"speedup": 97.88868908232841, "eficiencia": 8.157390756860702}}}, "v2": {"2": {"('0', '126000', '0')": {"speedup": 4.041817603319325, "eficiencia": 2.0209088016596626}, "('0', '131400', '0')": {"speedup": 4.08211285646544, "eficiencia": 2.04105642823272}, "('0', '136800', '0')": {"speedup": 4.085293581588782, "eficiencia": 2.042646790794391}, "('0', '142200', '0')": {"speedup": 4.057009655153593, "eficiencia": 2.0285048275767963}, "('0', '147600', '0')": {"speedup": 4.0658808990257285, "eficiencia": 2.0329404495128642}, "('0', '153000', '0')": {"speedup": 4.061726742066036, "eficiencia": 2.030863371033018}, "('0', '158400', '0')": {"speedup": 4.060298070577821, "eficiencia": 2.0301490352889107}, "('0', '163800', '0')": {"speedup": 4.0511513161257255, "eficiencia": 2.0255756580628628}, "('0', '169200', '0')": {"speedup": 4.062561570578229, "eficiencia": 2.0312807852891144}, "('0', '174600', '0')": {"speedup": 4.095580491413788, "eficiencia": 2.047790245706894}, "('0', '180000', '0')": {"speedup": 4.1256785743032, "eficiencia": 2.0628392871516}}, "3": {"('0', '126000', '0')": {"speedup": 9.262603483413772, "eficiencia": 3.087534494471257}, "('0', '131400', '0')": {"speedup": 9.12301553746567, "eficiencia": 3.0410051791552237}, "('0', '136800', '0')": {"speedup": 9.352319226215592, "eficiencia": 3.117439742071864}, "('0', '142200', '0')": {"speedup": 9.295775686589703, "eficiencia": 3.098591895529901}, "('0', '147600', '0')": {"speedup": 9.322741064200986, "eficiencia": 3.107580354733662}, "('0', '153000', '0')": {"speedup": 9.281280039811655, "eficiencia": 3.093760013270552}, "('0', '158400', '0')": {"speedup": 9.252647878633216, "eficiencia": 3.084215959544405}, "('0', '163800', '0')": {"speedup": 9.268143930717388, "eficiencia": 3.0893813102391294}, "('0', '169200', '0')": {"speedup": 9.272055306716558, "eficiencia": 3.0906851022388526}, "('0', '174600', '0')": {"speedup": 9.347802864512028, "eficiencia": 3.115934288170676}, "('0', '180000', '0')": {"speedup": 9.437213305563866, "eficiencia": 3.1457377685212884}}, "4": {"('0', '126000', '0')": {"speedup": 16.61987708066183, "eficiencia": 4.1549692701654575}, "('0', '131400', '0')": {"speedup": 16.722455591224993, "eficiencia": 4.180613897806248}, "('0', '136800', '0')": {"speedup": 16.732927724133127, "eficiencia": 4.183231931033282}, "('0', '142200', '0')": {"speedup": 16.65469394322943, "eficiencia": 4.163673485807357}, "('0', '147600', '0')": {"speedup": 16.679730843066846, "eficiencia": 4.1699327107667115}, "('0', '153000', '0')": {"speedup": 16.639495195255787, "eficiencia": 4.159873798813947}, "('0', '158400', '0')": {"speedup": 16.685551893785764, "eficiencia": 4.171387973446441}, "('0', '163800', '0')": {"speedup": 16.603242003995227, "eficiencia": 4.150810500998807}, "('0', '169200', '0')": {"speedup": 16.76325544581023, "eficiencia": 4.190813861452558}, "('0', '174600', '0')": {"speedup": 16.815281432988424, "eficiencia": 4.203820358247106}, "('0', '180000', '0')": {"speedup": 16.928255478459842, "eficiencia": 4.232063869614961}}, "6": {"('0', '126000', '0')": {"speedup": 34.34273570346433,