{"v1": {"('0', '126000', '0')": {"2": {"speedup": 4.0702479067600805, "eficiencia": 2.0351239533800403}, "3": {"speedup": 9.278301066940065, "eficiencia": 3.092767022313355}, "4": {"speedup": 16.55300867445151, "eficiencia": 4.138252168612878}, "6": {"speedup": 35.24696858672802, "eficiencia": 5.874494764454671}, "8": {"speedup": 43.016204627348145, "eficiencia": 5.377025578418518}, "12": {"speedup": 95.6812417583154, "eficiencia": 7.97343681319295}}, "('0', '131400', '0')": {"2": {"speedup": 4.083559860922856, "eficiencia": 2.041779930461428}, "3": {"speedup": 9.359900364265322, "eficiencia": 3.1199667880884405}, "4": {"speedup": 16.76840713990697, "eficiencia": 4.192101784976742}, "6": {"speedup": 35.74421304407059, "eficiencia": 5.9573688406784315}, "8": {"speedup": 43.2715433151402, "eficiencia": 5.408942914392525}, "12": {"speedup": 96.26694742772425, "eficiencia": 8.02224561897702}}, "('0', '136800', '0')": {"2": {"speedup": 4.0842716839586055, "eficiencia": 2.0421358419793028}, "3": {"speedup": 9.340099307602822, "eficiencia": 3.1133664358676074}, "4": {"speedup": 16.753164008860317, "eficiencia": 4.188291002215079}, "6": {"speedup": 35.34428084874411, "eficiencia": 5.890713474790686}, "8": {"speedup": 43.29871899967685, "eficiencia": 5.412339874959606}, "12": {"speedup": 96.50461621924123, "eficiencia": 8.042051351603435}}, "('0', '142200', '0')": {"2": {"speedup": 4.068559779116622, "eficiencia": 2.034279889558311}, "3": {"speedup": 9.281790912136294, "eficiencia": 3.0939303040454313}, "4": {"speedup": 16.64771724566795, "eficiencia": 4.161929311416987}, "6": {"speedup": 35.42734254140926, "eficiencia": 5.904557090234877}, "8": {"speedup": 42.87393522777639, "eficiencia": 5.359241903472049}, "12": {"speedup": 96.12833848094536, "eficiencia": 8.010694873412113}}, "('0', '147600', '0')": {"2": {"speedup": 4.077751078157737, "eficiencia": 2.0388755390788686}, "3": {"speedup": 9.300325082029508, "eficiencia": 3.1001083606765025}, "4": {"speedup": 16.695056427282758, "eficiencia": 4.173764106820689}, "6": {"speedup": 35.539156629075606, "eficiencia": 5.923192771512601}, "8": {"speedup": 43.135443582213234, "eficiencia": 5.391930447776654}, "12": {"speedup": 96.00018942921511, "eficiencia": 8.000015785767927}}, "('0', '153000', '0')": {"2": {"speedup": 4.076145520883262, "eficiencia": 2.038072760441631}, "3": {"speedup": 9.276831327060034, "eficiencia": 3.0922771090200114}, "4": {"speedup": 16.667604963460438, "eficiencia": 4.166901240865109}, "6": {"speedup": 34.840227084025784, "eficiencia": 5.806704514004298}, "8": {"speedup": 43.120334981031505, "eficiencia": 5.390041872628938}, "12": {"speedup": 96.2952927784342, "eficiencia": 8.024607731536184}}, "('0', '158400', '0')": {"2": {"speedup": 4.072966316606753, "eficiencia": 2.0364831583033767}, "3": {"speedup": 9.242988124546137, "eficiencia": 3.080996041515379}, "4": {"speedup": 16.67452016886009, "eficiencia": 4.168630042215023}, "6": {"speedup": 34.75306879070797, "eficiencia": 5.792178131784662}, "8": {"speedup": 43.16059127531277, "eficiencia": 5.395073909414096}, "12": {"speedup": 96.05492130587845, "eficiencia": 8.004576775489872}}, "('0', '163800', '0')": {"2": {"speedup": 4.0461844607780755, "eficiencia": 2.0230922303890377}, "3": {"speedup": 9.245308013653204, "eficiencia": 3.0817693378844013}, "4": {"speedup": 16.648164601112803, "eficiencia": 4.162041150278201}, "6": {"speedup": 35.57883942244373, "eficiencia": 5.929806570407288}, "8": {"speedup": 43.045974512277674, "eficiencia": 5.380746814034709}, "12": {"speedup": 96.18385340957703, "eficiencia": 8.015321117464753}}, "('0', '169200', '0')": {"2": {"speedup": 4.068635118813182, "eficiencia": 2.034317559406591}, "3": {"speedup": 9.305917347929528, "eficiencia": 3.1019724493098426}, "4": {"speedup": 16.703960119991255, "eficiencia": 4.175990029997814}, "6": {"speedup": 35.61056349390717, "eficiencia": 5.935093915651195}, "8": {"speedup": 43.13012687375927, "eficiencia": 5.391265859219908}, "12": {"speedup": 96.93093695338335, "eficiencia": 8.077578079448612}}, "('0', '174600', '0')": {"2": {"speedup": 4.099089018017822, "eficiencia": 2.049544509008911}, "3": {"speedup": 9.367976116302591, "eficiencia": 3.122658705434197}, "4": {"speedup": 16.835310172522128, "eficiencia": 4.208827543130532}, "6": {"speedup": 36.36319413070463, "eficiencia": 6.060532355117438}, "8": {"speedup": 43.26333972727686, "eficiencia": 5.407917465909607}, "12": {"speedup": 97.12423396010318, "eficiencia": 8.093686163341932}}, "('0', '180000', '0')": {"2": {"speedup": 4.129276766008984, "eficiencia": 2.064638383004492}, "3": {"speedup": 9.439128785378626, "eficiencia": 3.1463762617928754}, "4": {"speedup": 17.04028403088517, "eficiencia": 4.260071007721293}, "6": {"speedup": 36.33361921874527, "eficiencia": 6.055603203124211}, "8": {"speedup": 43.64712820472943, "eficiencia": 5.455891025591178}, "12": {"speedup": 97.94878727145284, "eficiencia": 8.162398939287737}}}, "v2": {"2": {"('0', '126000', '0')": {"speedup": 4.0702479067600805, "eficiencia": 2.0351239533800403}, "('0', '131400', '0')": {"speedup": 4.083559860922856, "eficiencia": 2.041779930461428}, "('0', '136800', '0')": {"speedup": 4.0842716839586055, "eficiencia": 2.0421358419793028}, "('0', '142200', '0')": {"speedup": 4.068559779116622, "eficiencia": 2.034279889558311}, "('0', '147600', '0')": {"speedup": 4.077751078157737, "eficiencia": 2.0388755390788686}, "('0', '153000', '0')": {"speedup": 4.076145520883262, "eficiencia": 2.038072760441631}, "('0', '158400', '0')": {"speedup": 4.072966316606753, "eficiencia": 2.0364831583033767}, "('0', '163800', '0')": {"speedup": 4.0461844607780755, "eficiencia": 2.0230922303890377}, "('0', '169200', '0')": {"speedup": 4.068635118813182, "eficiencia": 2.034317559406591}, "('0', '174600', '0')": {"speedup": 4.099089018017822, "eficiencia": 2.049544509008911}, "('0', '180000', '0')": {"speedup": 4.129276766008984, "eficiencia": 2.064638383004492}}, "3": {"('0', '126000', '0')": {"speedup": 9.278301066940065, "eficiencia": 3.092767022313355}, "('0', '131400', '0')": {"speedup": 9.359900364265322, "eficiencia": 3.1199667880884405}, "('0', '136800', '0')": {"speedup": 9.340099307602822, "eficiencia": 3.1133664358676074}, "('0', '142200', '0')": {"speedup": 9.281790912136294, "eficiencia": 3.0939303040454313}, "('0', '147600', '0')": {"speedup": 9.300325082029508, "eficiencia": 3.1001083606765025}, "('0', '153000', '0')": {"speedup": 9.276831327060034, "eficiencia": 3.0922771090200114}, "('0', '158400', '0')": {"speedup": 9.242988124546137, "eficiencia": 3.080996041515379}, "('0', '163800', '0')": {"speedup": 9.245308013653204, "eficiencia": 3.0817693378844013}, "('0', '169200', '0')": {"speedup": 9.305917347929528, "eficiencia": 3.1019724493098426}, "('0', '174600', '0')": {"speedup": 9.367976116302591, "eficiencia": 3.122658705434197}, "('0', '180000', '0')": {"speedup": 9.439128785378626, "eficiencia": 3.1463762617928754}}, "4": {"('0', '126000', '0')": {"speedup": 16.55300867445151, "eficiencia": 4.138252168612878}, "('0', '131400', '0')": {"speedup": 16.76840713990697, "eficiencia": 4.192101784976742}, "('0', '136800', '0')": {"speedup": 16.753164008860317, "eficiencia": 4.188291002215079}, "('0', '142200', '0')": {"speedup": 16.64771724566795, "eficiencia": 4.161929311416987}, "('0', '147600', '0')": {"speedup": 16.695056427282758, "eficiencia": 4.173764106820689}, "('0', '153000', '0')": {"speedup": 16.667604963460438, "eficiencia": 4.166901240865109}, "('0', '158400', '0')": {"speedup": 16.67452016886009, "eficiencia": 4.168630042215023}, "('0', '163800', '0')": {"speedup": 16.648164601112803, "eficiencia": 4.162041150278201}, "('0', '169200', '0')": {"speedup": 16.703960119991255, "eficiencia": 4.175990029997814}, "('0', '174600', '0')": {"speedup": 16.835310172522128, "eficiencia": 4.208827543130532}, "('0', '180000', '0')": {"speedup": 17.04028403088517, "eficiencia": 4.260071007721293}}, "6": {"('0', '126000', '0')": {"speedup": 35.24696858672802,