{"v1": {"('0', '126000', '0')": {"2": {"speedup": 4.04347740464509, "eficiencia": 2.021738702322545}, "3": {"speedup": 9.266670186417425, "eficiencia": 3.0888900621391415}, "4": {"speedup": 16.62699297918708, "eficiencia": 4.15674824479677}, "6": {"speedup": 34.766480382000665, "eficiencia": 5.794413397000111}, "8": {"speedup": 43.022965786792284, "eficiencia": 5.3778707233490355}, "12": {"speedup": 95.74232851153397, "eficiencia": 7.978527375961164}}, "('0', '131400', '0')": {"2": {"speedup": 4.079623957508041, "eficiencia": 2.0398119787540203}, "3": {"speedup": 9.344359784547077, "eficiencia": 3.1147865948490256}, "4": {"speedup": 16.743590660035878, "eficiencia": 4.185897665008969}, "6": {"speedup": 34.870240662358746, "eficiencia": 5.811706777059791}, "8": {"speedup": 43.22592988079695, "eficiencia": 5.403241235099618}, "12": {"speedup": 96.73784290466584, "eficiencia": 8.061486908722154}}, "('0', '136800', '0')": {"2": {"speedup": 4.0755131225558445, "eficiencia": 2.0377565612779223}, "3": {"speedup": 9.329395725630524, "eficiencia": 3.1097985752101747}, "4": {"speedup": 16.703041319977316, "eficiencia": 4.175760329994329}, "6": {"speedup": 35.5389867889557, "eficiencia": 5.923164464825949}, "8": {"speedup": 43.33937471708097, "eficiencia": 5.4174218396351215}, "12": {"speedup": 96.35438751439833, "eficiencia": 8.029532292866527}}, "('0', '142200', '0')": {"2": {"speedup": 4.052443868181058, "eficiencia": 2.026221934090529}, "3": {"speedup": 9.275455037336181, "eficiencia": 3.091818345778727}, "4": {"speedup": 16.614932982078667, "eficiencia": 4.153733245519667}, "6": {"speedup": 36.04412788673318, "eficiencia": 6.007354647788863}, "8": {"speedup": 43.164608922677836, "eficiencia": 5.3955761153347295}, "12": {"speedup": 96.55129632954261, "eficiencia": 8.045941360795217}}, "('0', '147600', '0')": {"2": {"speedup": 4.058264256430932, "eficiencia": 2.029132128215466}, "3": {"speedup": 9.304975920071247, "eficiencia": 3.1016586400237487}, "4": {"speedup": 16.66472255183962, "eficiencia": 4.166180637959905}, "6": {"speedup": 35.11615491848572, "eficiencia": 5.852692486414287}, "8": {"speedup": 43.000030312950784, "eficiencia": 5.375003789118848}, "12": {"speedup": 96.75918307890349, "eficiencia": 8.06326525657529}}, "('0', '153000', '0')": {"2": {"speedup": 4.051378985063289, "eficiencia": 2.0256894925316447}, "3": {"speedup": 9.263565525132055, "eficiencia": 3.087855175044018}, "4": {"speedup": 16.608208955218814, "eficiencia": 4.152052238804703}, "6": {"speedup": 35.333613627246855, "eficiencia": 5.8889356045411425}, "8": {"speedup": 43.20615485908139, "eficiencia": 5.400769357385173}, "12": {"speedup": 96.52630272993018, "eficiencia": 8.043858560827514}}, "('0', '158400', '0')": {"2": {"speedup": 4.0501960733491575, "eficiencia": 2.0250980366745788}, "3": {"speedup": 9.24225068882656, "eficiencia": 3.0807502296088534}, "4": {"speedup": 16.639784246610606, "eficiencia": 4.159946061652652}, "6": {"speedup": 35.03370940870086, "eficiencia": 5.838951568116809}, "8": {"speedup": 43.138600282821415, "eficiencia": 5.392325035352677}, "12": {"speedup": 96.50953482250706, "eficiencia": 8.042461235208922}}, "('0', '163800', '0')": {"2": {"speedup": 4.042574490122453, "eficiencia": 2.0212872450612265}, "3": {"speedup": 9.244682691624227, "eficiencia": 3.081560897208076}, "4": {"speedup": 16.56056050681317, "eficiencia": 4.140140126703293}, "6": {"speedup": 35.300260011615606, "eficiencia": 5.883376668602601}, "8": {"speedup": 42.97910919125279, "eficiencia": 5.372388648906599}, "12": {"speedup": 96.1149673637345, "eficiencia": 8.009580613644541}}, "('0', '169200', '0')": {"2": {"speedup": 4.064088609981741, "eficiencia": 2.0320443049908703}, "3": {"speedup": 9.27197882095991, "eficiencia": 3.090659606986637}, "4": {"speedup": 16.751092652683976, "eficiencia": 4.187773163170994}, "6": {"speedup": 35.87223909539602, "eficiencia": 5.978706515899336}, "8": {"speedup": 43.22722087896174, "eficiencia": 5.403402609870217}, "12": {"speedup": 96.71019459143288, "eficiencia": 8.059182882619407}}, "('0', '174600', '0')": {"2": {"speedup": 4.098905883042225, "eficiencia": 2.0494529415211127}, "3": {"speedup": 9.366286640670445, "eficiencia": 3.1220955468901486}, "4": {"speedup": 16.82933920699117, "eficiencia": 4.207334801747792}, "6": {"speedup": 35.46224110623527, "eficiencia": 5.910373517705878}, "8": {"speedup": 43.26876909933241, "eficiencia": 5.408596137416551}, "12": {"speedup": 97.13701188740455, "eficiencia": 8.094750990617046}}, "('0', '180000', '0')": {"2": {"speedup": 4.131713292910688, "eficiencia": 2.065856646455344}, "3": {"speedup": 9.452387662136713, "eficiencia": 3.1507958873789046}, "4": {"speedup": 16.929382589435004, "eficiencia": 4.232345647358751}, "6": {"speedup": 36.23494806415727, "eficiencia": 6.039158010692879}, "8": {"speedup": 43.67989596586804, "eficiencia": 5.459986995733505}, "12": {"speedup": 98.02932862926112, "eficiencia": 8.169110719105094}}}, "v2": {"2": {"('0', '126000', '0')": {"speedup": 4.04347740464509, "eficiencia": 2.021738702322545}, "('0', '131400', '0')": {"speedup": 4.079623957508041, "eficiencia": 2.0398119787540203}, "('0', '136800', '0')": {"speedup": 4.0755131225558445, "eficiencia": 2.0377565612779223}, "('0', '142200', '0')": {"speedup": 4.052443868181058, "eficiencia": 2.026221934090529}, "('0', '147600', '0')": {"speedup": 4.058264256430932, "eficiencia": 2.029132128215466}, "('0', '153000', '0')": {"speedup": 4.051378985063289, "eficiencia": 2.0256894925316447}, "('0', '158400', '0')": {"speedup": 4.0501960733491575, "eficiencia": 2.0250980366745788}, "('0', '163800', '0')": {"speedup": 4.042574490122453, "eficiencia": 2.0212872450612265}, "('0', '169200', '0')": {"speedup": 4.064088609981741, "eficiencia": 2.0320443049908703}, "('0', '174600', '0')": {"speedup": 4.098905883042225, "eficiencia": 2.0494529415211127}, "('0', '180000', '0')": {"speedup": 4.131713292910688, "eficiencia": 2.065856646455344}}, "3": {"('0', '126000', '0')": {"speedup": 9.266670186417425, "eficiencia": 3.0888900621391415}, "('0', '131400', '0')": {"speedup": 9.344359784547077, "eficiencia": 3.1147865948490256}, "('0', '136800', '0')": {"speedup": 9.329395725630524, "eficiencia": 3.1097985752101747}, "('0', '142200', '0')": {"speedup": 9.275455037336181, "eficiencia": 3.091818345778727}, "('0', '147600', '0')": {"speedup": 9.304975920071247, "eficiencia": 3.1016586400237487}, "('0', '153000', '0')": {"speedup": 9.263565525132055, "eficiencia": 3.087855175044018}, "('0', '158400', '0')": {"speedup": 9.24225068882656, "eficiencia": 3.0807502296088534}, "('0', '163800', '0')": {"speedup": 9.244682691624227, "eficiencia": 3.081560897208076}, "('0', '169200', '0')": {"speedup": 9.27197882095991, "eficiencia": 3.090659606986637}, "('0', '174600', '0')": {"speedup": 9.366286640670445, "eficiencia": 3.1220955468901486}, "('0', '180000', '0')": {"speedup": 9.452387662136713, "eficiencia": 3.1507958873789046}}, "4": {"('0', '126000', '0')": {"speedup": 16.62699297918708, "eficiencia": 4.15674824479677}, "('0', '131400', '0')": {"speedup": 16.743590660035878, "eficiencia": 4.185897665008969}, "('0', '136800', '0')": {"speedup": 16.703041319977316, "eficiencia": 4.175760329994329}, "('0', '142200', '0')": {"speedup": 16.614932982078667, "eficiencia": 4.153733245519667}, "('0', '147600', '0')": {"speedup": 16.66472255183962, "eficiencia": 4.166180637959905}, "('0', '153000', '0')": {"speedup": 16.608208955218814, "eficiencia": 4.152052238804703}, "('0', '158400', '0')": {"speedup": 16.639784246610606, "eficiencia": 4.159946061652652}, "('0', '163800', '0')": {"speedup": 16.56056050681317, "eficiencia": 4.140140126703293}, "('0', '169200', '0')": {"speedup": 16.751092652683976, "eficiencia": 4.187773163170994}, "('0', '174600', '0')": {"speedup": 16.82933920699117, "eficiencia": 4.207334801747792}, "('0', '180000', '0')": {"speedup": 16.929382589435004, "eficiencia": 4.232345647358751}}, "6": {"('0', '126000', '0')": {"speedup": 34.766480382000665,