{"v1": {"('0', '126000', '0')": {"2": {"speedup": 1.093270990666454, "eficiencia": 0.546635495333227}, "3": {"speedup": 0.9612691440533401, "eficiencia": 0.32042304801778004}, "4": {"speedup": 1.288976334728316, "eficiencia": 0.322244083682079}, "6": {"speedup": 1.840636473784566, "eficiencia": 0.306772745630761}, "8": {"speedup": 1.6138797078684346, "eficiencia": 0.20173496348355432}, "12": {"speedup": 2.2911698866531287, "eficiencia": 0.19093082388776073}}, "('0', '131400', '0')": {"2": {"speedup": 1.104497739018342, "eficiencia": 0.552248869509171}, "3": {"speedup": 0.9711021444141525, "eficiencia": 0.3237007148047175}, "4": {"speedup": 1.3026649649997526, "eficiencia": 0.32566624124993815}, "6": {"speedup": 1.849966585125022, "eficiencia": 0.3083277641875037}, "8": {"speedup": 1.6491434301248415, "eficiencia": 0.2061429287656052}, "12": {"speedup": 2.3014457357151765, "eficiencia": 0.19178714464293137}}, "('0', '136800', '0')": {"2": {"speedup": 1.1059644913744215, "eficiencia": 0.5529822456872108}, "3": {"speedup": 0.9718070444600052, "eficiencia": 0.3239356814866684}, "4": {"speedup": 1.304421877267508, "eficiencia": 0.326105469316877}, "6": {"speedup": 1.8716993674030031, "eficiencia": 0.3119498945671672}, "8": {"speedup": 1.674408948707409, "eficiencia": 0.20930111858842612}, "12": {"speedup": 2.30700205017247, "eficiencia": 0.19225017084770582}}, "('0', '142200', '0')": {"2": {"speedup": 1.1043065207988503, "eficiencia": 0.5521532603994251}, "3": {"speedup": 0.9682753216380036, "eficiencia": 0.32275844054600117}, "4": {"speedup": 1.2925530421809721, "eficiencia": 0.32313826054524303}, "6": {"speedup": 1.8693301182832172, "eficiencia": 0.3115550197138695}, "8": {"speedup": 1.6673860922060013, "eficiencia": 0.20842326152575016}, "12": {"speedup": 2.303775961064114, "eficiencia": 0.19198133008867616}}, "('0', '147600', '0')": {"2": {"speedup": 1.0965949678366567, "eficiencia": 0.5482974839183283}, "3": {"speedup": 0.970505588081314, "eficiencia": 0.32350186269377135}, "4": {"speedup": 1.3032409991540173, "eficiencia": 0.3258102497885043}, "6": {"speedup": 1.876378619163614, "eficiencia": 0.31272976986060236}, "8": {"speedup": 1.6347277462421586, "eficiencia": 0.20434096828026982}, "12": {"speedup": 2.2976975265145647, "eficiencia": 0.19147479387621372}}, "('0', '153000', '0')": {"2": {"speedup": 1.1056856932637278, "eficiencia": 0.5528428466318639}, "3": {"speedup": 0.9704631556808696, "eficiencia": 0.32348771856028985}, "4": {"speedup": 1.3027627217499043, "eficiencia": 0.32569068043747607}, "6": {"speedup": 1.8741883701197377, "eficiencia": 0.3123647283532896}, "8": {"speedup": 1.6657363373964562, "eficiencia": 0.20821704217455703}, "12": {"speedup": 2.313716254347448, "eficiencia": 0.19280968786228733}}, "('0', '158400', '0')": {"2": {"speedup": 1.1087691578386119, "eficiencia": 0.5543845789193059}, "3": {"speedup": 0.9703839136265938, "eficiencia": 0.32346130454219796}, "4": {"speedup": 1.3027412558685798, "eficiencia": 0.32568531396714495}, "6": {"speedup": 1.8601531282447248, "eficiencia": 0.3100255213741208}, "8": {"speedup": 1.6639316668197763, "eficiencia": 0.20799145835247204}, "12": {"speedup": 2.29734763820306, "eficiencia": 0.19144563651692167}}, "('0', '163800', '0')": {"2": {"speedup": 1.1035871091277074, "eficiencia": 0.5517935545638537}, "3": {"speedup": 0.9723024290914438, "eficiencia": 0.32410080969714794}, "4": {"speedup": 1.3058541109284723, "eficiencia": 0.32646352773211806}, "6": {"speedup": 1.866228139497673, "eficiencia": 0.31103802324961216}, "8": {"speedup": 1.6586950195450714, "eficiencia": 0.20733687744313392}, "12": {"speedup": 2.2963201969930394, "eficiencia": 0.1913600164160866}}, "('0', '169200', '0')": {"2": {"speedup": 1.1054013355937442, "eficiencia": 0.5527006677968721}, "3": {"speedup": 0.9781743215803695, "eficiencia": 0.3260581071934565}, "4": {"speedup": 1.3134357741990654, "eficiencia": 0.32835894354976636}, "6": {"speedup": 1.8719282348750317, "eficiencia": 0.3119880391458386}, "8": {"speedup": 1.6595746918072416, "eficiencia": 0.2074468364759052}, "12": {"speedup": 2.3049367991494765, "eficiencia": 0.19207806659578971}}, "('0', '174600', '0')": {"2": {"speedup": 1.117085192517792, "eficiencia": 0.558542596258896}, "3": {"speedup": 0.9852774200674244, "eficiencia": 0.32842580668914145}, "4": {"speedup": 1.3225746922030361, "eficiencia": 0.33064367305075903}, "6": {"speedup": 1.8895850465914883, "eficiencia": 0.3149308410985814}, "8": {"speedup": 1.6678914227729769, "eficiencia": 0.2084864278466221}, "12": {"speedup": 2.312361999808921, "eficiencia": 0.19269683331741008}}, "('0', '180000', '0')": {"2": {"speedup": 1.1269543338610488, "eficiencia": 0.5634771669305244}, "3": {"speedup": 0.9936909862070991, "eficiencia": 0.3312303287356997}, "4": {"speedup": 1.3341257369468176, "eficiencia": 0.3335314342367044}, "6": {"speedup": 1.892295333592177, "eficiencia": 0.31538255559869616}, "8": {"speedup": 1.6862102259807683, "eficiencia": 0.21077627824759604}, "12": {"speedup": 2.3511110946443985, "eficiencia": 0.19592592455369987}}}, "v2": {"2": {"('0', '126000', '0')": {"speedup": 1.093270990666454, "eficiencia": 0.546635495333227}, "('0', '131400', '0')": {"speedup": 1.104497739018342, "eficiencia": 0.552248869509171}, "('0', '136800', '0')": {"speedup": 1.1059644913744215, "eficiencia": 0.5529822456872108}, "('0', '142200', '0')": {"speedup": 1.1043065207988503, "eficiencia": 0.5521532603994251}, "('0', '147600', '0')": {"speedup": 1.0965949678366567, "eficiencia": 0.5482974839183283}, "('0', '153000', '0')": {"speedup": 1.1056856932637278, "eficiencia": 0.5528428466318639}, "('0', '158400', '0')": {"speedup": 1.1087691578386119, "eficiencia": 0.5543845789193059}, "('0', '163800', '0')": {"speedup": 1.1035871091277074, "eficiencia": 0.5517935545638537}, "('0', '169200', '0')": {"speedup": 1.1054013355937442, "eficiencia": 0.5527006677968721}, "('0', '174600', '0')": {"speedup": 1.117085192517792, "eficiencia": 0.558542596258896}, "('0', '180000', '0')": {"speedup": 1.1269543338610488, "eficiencia": 0.5634771669305244}}, "3": {"('0', '126000', '0')": {"speedup": 0.9612691440533401, "eficiencia": 0.32042304801778004}, "('0', '131400', '0')": {"speedup": 0.9711021444141525, "eficiencia": 0.3237007148047175}, "('0', '136800', '0')": {"speedup": 0.9718070444600052, "eficiencia": 0.3239356814866684}, "('0', '142200', '0')": {"speedup": 0.9682753216380036, "eficiencia": 0.32275844054600117}, "('0', '147600', '0')": {"speedup": 0.970505588081314, "eficiencia": 0.32350186269377135}, "('0', '153000', '0')": {"speedup": 0.9704631556808696, "eficiencia": 0.32348771856028985}, "('0', '158400', '0')": {"speedup": 0.9703839136265938, "eficiencia": 0.32346130454219796}, "('0', '163800', '0')": {"speedup": 0.9723024290914438, "eficiencia": 0.32410080969714794}, "('0', '169200', '0')": {"speedup": 0.9781743215803695, "eficiencia": 0.3260581071934565}, "('0', '174600', '0')": {"speedup": 0.9852774200674244, "eficiencia": 0.32842580668914145}, "('0', '180000', '0')": {"speedup": 0.9936909862070991, "eficiencia": 0.3312303287356997}}, "4": {"('0', '126000', '0')": {"speedup": 1.288976334728316, "eficiencia": 0.322244083682079}, "('0', '131400', '0')": {"speedup": 1.3026649649997526, "eficiencia": 0.32566624124993815}, "('0', '136800', '0')": {"speedup": 1.304421877267508, "eficiencia": 0.326105469316877}, "('0', '142200', '0')": {"speedup": 1.2925530421809721, "eficiencia": 0.32313826054524303}, "('0', '147600', '0')": {"speedup": 1.3032409991540173, "eficiencia": 0.3258102497885043}, "('0', '153000', '0')": {"speedup": 1.3027627217499043, "eficiencia": 0.32569068043747607}, "('0', '158400', '0')": {"speedup": 1.3027412558685798, "eficiencia": 0.32568531396714495}, "('0', '163800', '0')": {"speedup": 1.3058541109284723, "eficiencia": 0.32646352773211806}, "('0', '169200', '0')": {"speedup": 1.3134357741990654, "eficiencia": 0.32835894354976636}, "('0', '174600', '0')": {"speedup": 1.3225746922030361,